battery_id,framework_formula,graph_file,status,num_atoms,num_edges
BAT_00015,Al3Cr3(SbO8)2,BAT_00015.pt,existing,24,1160
BAT_00017,Al2FeO6,BAT_00017.pt,existing,9,436
BAT_00020,AlVO4,BAT_00020.pt,existing,36,1580
BAT_00022,MnBAsO7,BAT_00022.pt,existing,20,692
BAT_00023,FeBAsO7,BAT_00023.pt,existing,20,640
BAT_00025,CrAsCO7,BAT_00025.pt,existing,20,684
BAT_00027,FeAsCO7,BAT_00027.pt,existing,20,632
BAT_00028,MnAsCO7,BAT_00028.pt,existing,20,664
BAT_00029,VAsCO7,BAT_00029.pt,existing,40,1254
BAT_00030,CoAsO4,BAT_00030.pt,existing,24,928
BAT_00031,FeAs2O7,BAT_00031.pt,existing,10,390
BAT_00033,Fe2(AsO4)3,BAT_00033.pt,existing,68,2408
BAT_00037,NiAsO4,BAT_00037.pt,existing,24,992
BAT_00038,MnAsO4,BAT_00038.pt,existing,24,848
BAT_00039,VAs2O9,BAT_00039.pt,existing,48,1416
BAT_00040,VAsO5,BAT_00040.pt,existing,28,1040
BAT_00048,CrB3(HO3)3,BAT_00048.pt,existing,128,5344
BAT_00051,CoBO3,BAT_00051.pt,existing,20,808
BAT_00052,Mn2Fe(BO3)4,BAT_00052.pt,existing,38,1472
BAT_00053,Cr(BO3)2,BAT_00053.pt,existing,36,1390
BAT_00055,FeBO3,BAT_00055.pt,existing,40,1528
BAT_00056,FeBO3,BAT_00056.pt,existing,20,778
BAT_00058,FeBO3,BAT_00058.pt,existing,40,1540
BAT_00059,FeBO3,BAT_00059.pt,existing,40,1532
BAT_00060,FeBO3,BAT_00060.pt,existing,40,1552
BAT_00061,FeBO3,BAT_00061.pt,existing,40,1542
BAT_00062,FeBO4,BAT_00062.pt,existing,24,776
BAT_00063,Fe(BO3)2,BAT_00063.pt,existing,36,1284
BAT_00064,Fe3(BO3)4,BAT_00064.pt,existing,38,1460
BAT_00065,FeBPO7,BAT_00065.pt,existing,20,740
BAT_00067,MnBO3,BAT_00067.pt,existing,20,748
BAT_00069,MnBO3,BAT_00069.pt,existing,15,588
BAT_00070,MnBO3,BAT_00070.pt,existing,20,744
BAT_00071,MnBO3,BAT_00071.pt,existing,20,744
BAT_00072,MnBO3,BAT_00072.pt,existing,20,772
BAT_00073,MnBO3,BAT_00073.pt,existing,30,1140
BAT_00074,MnBO3,BAT_00074.pt,existing,30,1136
BAT_00075,Mn3(BO3)4,BAT_00075.pt,existing,38,1460
BAT_00077,MnBO3,BAT_00077.pt,existing,20,760
BAT_00078,MnBO3,BAT_00078.pt,existing,30,1136
BAT_00079,MnBO3,BAT_00079.pt,existing,40,1556
BAT_00080,MnBO3,BAT_00080.pt,existing,40,1530
BAT_00081,Mn(BO3)2,BAT_00081.pt,existing,36,1436
BAT_00082,MnBO3,BAT_00082.pt,existing,40,1534
BAT_00083,MnBO3,BAT_00083.pt,existing,30,1150
BAT_00085,MnBO3,BAT_00085.pt,existing,60,2320
BAT_00086,MnBO3,BAT_00086.pt,existing,40,1518
BAT_00088,MnBO3,BAT_00088.pt,existing,60,2352
BAT_00089,MnBO3,BAT_00089.pt,existing,60,2332
BAT_00090,MnBO3,BAT_00090.pt,existing,40,1490
BAT_00091,MnBO3,BAT_00091.pt,existing,30,1142
BAT_00092,MnBO3,BAT_00092.pt,existing,30,1128
BAT_00093,MnBO3,BAT_00093.pt,existing,30,1144
BAT_00094,MnBO3,BAT_00094.pt,existing,20,752
BAT_00095,MnBO3,BAT_00095.pt,existing,30,1142
BAT_00097,MnBO3,BAT_00097.pt,existing,30,1136
BAT_00099,MnBO3,BAT_00099.pt,existing,40,1494
BAT_00100,MnBO3,BAT_00100.pt,existing,30,1138
BAT_00101,MnBO3,BAT_00101.pt,existing,40,1540
BAT_00102,MnBO3,BAT_00102.pt,existing,30,1134
BAT_00106,MnBPO7,BAT_00106.pt,existing,20,764
BAT_00108,NiBO3,BAT_00108.pt,existing,30,1304
BAT_00109,VBPO7,BAT_00109.pt,existing,40,1352
BAT_00114,VBO4,BAT_00114.pt,existing,6,192
BAT_00118,BaCaVP2O9,BAT_00118.pt,existing,56,2036
BAT_00149,Co3BiO8,BAT_00149.pt,existing,12,508
BAT_00180,V3Bi2(PO4)6,BAT_00180.pt,existing,35,1322
BAT_00199,CoH8(CO5)2,BAT_00199.pt,existing,42,2024
BAT_00200,CoH8(CO5)2,BAT_00200.pt,existing,42,2048
BAT_00201,NaCoPCO7,BAT_00201.pt,existing,22,828
BAT_00202,Co2(CO3)3,BAT_00202.pt,existing,28,1218
BAT_00203,Co(CO3)2,BAT_00203.pt,existing,18,620
BAT_00204,Co(CO3)2,BAT_00204.pt,existing,36,1144
BAT_00205,CoCO4,BAT_00205.pt,existing,24,804
BAT_00206,Co(CO)4,BAT_00206.pt,existing,9,252
BAT_00207,Co2C2O7,BAT_00207.pt,existing,22,736
BAT_00209,Co(CO3)2,BAT_00209.pt,existing,36,1282
BAT_00210,Co2C2O7,BAT_00210.pt,existing,33,1160
BAT_00211,CoPCO7,BAT_00211.pt,existing,20,804
BAT_00212,Co2C4SO16,BAT_00212.pt,existing,46,2060
BAT_00213,CoCSO7,BAT_00213.pt,existing,20,700
BAT_00214,Cr(CO3)3,BAT_00214.pt,existing,26,1060
BAT_00215,Cr(CO3)2,BAT_00215.pt,existing,27,1178
BAT_00216,Cr(CO3)2,BAT_00216.pt,existing,18,644
BAT_00217,CrPCO7,BAT_00217.pt,existing,20,750
BAT_00220,CrCSO7,BAT_00220.pt,existing,20,652
BAT_00241,Fe2C2O7,BAT_00241.pt,existing,22,728
BAT_00242,Fe(CO3)2,BAT_00242.pt,existing,36,1528
BAT_00243,NaFePCO7,BAT_00243.pt,existing,22,780
BAT_00245,Fe(CO3)2,BAT_00245.pt,existing,18,594
BAT_00246,Fe2(CO3)3,BAT_00246.pt,existing,14,620
BAT_00247,Fe2C2O7,BAT_00247.pt,existing,44,1884
BAT_00248,Fe(CO3)2,BAT_00248.pt,existing,36,1144
BAT_00249,Fe(CO3)2,BAT_00249.pt,existing,36,1208
BAT_00250,FeCO4,BAT_00250.pt,existing,24,784
BAT_00251,Fe2(CO3)3,BAT_00251.pt,existing,28,1188
BAT_00252,Fe2C2O7,BAT_00252.pt,existing,33,1062
BAT_00253,Fe2C2O7,BAT_00253.pt,existing,44,1796
BAT_00254,Fe(CO3)4,BAT_00254.pt,existing,68,2574
BAT_00255,FePCO7,BAT_00255.pt,existing,40,1444
BAT_00256,FePCO7,BAT_00256.pt,existing,40,1472
BAT_00257,FePCO7,BAT_00257.pt,existing,40,1450
BAT_00258,FePCO7,BAT_00258.pt,existing,40,1452
BAT_00259,FePCO7,BAT_00259.pt,existing,40,1458
BAT_00260,FePCO7,BAT_00260.pt,existing,20,708
BAT_00261,FePCO7,BAT_00261.pt,existing,20,720
BAT_00262,FePCO7,BAT_00262.pt,existing,40,1434
BAT_00263,Fe2C4SO16,BAT_00263.pt,existing,46,1768
BAT_00264,FePCO7,BAT_00264.pt,existing,40,1500
BAT_00265,FeSiCO7,BAT_00265.pt,existing,40,1480
BAT_00266,FeCSO7,BAT_00266.pt,existing,20,704
BAT_00267,NiH8(CO5)2,BAT_00267.pt,existing,42,2148
BAT_00269,KMnPCO7,BAT_00269.pt,existing,22,728
BAT_00272,Mn(CO3)2,BAT_00272.pt,existing,18,824
BAT_00273,NaMnPCO7,BAT_00273.pt,existing,22,824
BAT_00274,Na2MnPCO7,BAT_00274.pt,existing,24,912
BAT_00275,Na2MnPCO7,BAT_00275.pt,existing,48,1818
BAT_00276,Mn(CO3)2,BAT_00276.pt,existing,18,608
BAT_00277,Mn(CO3)2,BAT_00277.pt,existing,36,1156
BAT_00278,Mn(CO3)4,BAT_00278.pt,existing,68,2484
BAT_00279,Mn(CO3)2,BAT_00279.pt,existing,18,644
BAT_00280,MnCO5,BAT_00280.pt,existing,56,2376
BAT_00281,MnPCO7,BAT_00281.pt,existing,40,1502
BAT_00282,MnPCO7,BAT_00282.pt,existing,20,734
BAT_00283,MnPCO7,BAT_00283.pt,existing,40,1530
BAT_00284,MnPCO7,BAT_00284.pt,existing,40,1524
BAT_00285,MnPCO7,BAT_00285.pt,existing,40,1526
BAT_00286,MnPCO7,BAT_00286.pt,existing,40,1502
BAT_00287,Mn2C4SO16,BAT_00287.pt,existing,46,1816
BAT_00288,MnCSO7,BAT_00288.pt,existing,20,740
BAT_00289,Ni(CO3)2,BAT_00289.pt,existing,18,634
BAT_00291,Ni(CO3)2,BAT_00291.pt,existing,36,1268
BAT_00292,MnSiCO7,BAT_00292.pt,existing,40,1512
BAT_00293,Ni(CO3)2,BAT_00293.pt,existing,18,660
BAT_00294,NiCSO7,BAT_00294.pt,existing,20,744
BAT_00295,NiPCO7,BAT_00295.pt,existing,20,740
BAT_00296,Ni2C4SO16,BAT_00296.pt,existing,46,1768
BAT_00298,Mn3CrO8,BAT_00298.pt,existing,48,2080
BAT_00299,VPCO7,BAT_00299.pt,existing,40,1432
BAT_00300,Mn5Cr3O16,BAT_00300.pt,existing,48,2080
BAT_00301,Mn15CrO32,BAT_00301.pt,existing,48,2080
BAT_00302,MnCrO4,BAT_00302.pt,existing,48,2060
BAT_00303,MnCr2O6,BAT_00303.pt,existing,9,398
BAT_00304,Mn7Cr12O48,BAT_00304.pt,existing,67,2716
BAT_00305,MnCrO4,BAT_00305.pt,existing,12,516
BAT_00306,Mn3CrO8,BAT_00306.pt,existing,12,520
BAT_00307,Mn2CrO6,BAT_00307.pt,existing,9,434
BAT_00308,Mn13Cr3O32,BAT_00308.pt,existing,48,2080
BAT_00309,MnCrO4,BAT_00309.pt,existing,18,772
BAT_00310,Mn5Cr2O12,BAT_00310.pt,existing,19,862
BAT_00311,MnCr(PO4)2,BAT_00311.pt,existing,24,1008
BAT_00312,Mn5Cr(PO4)6,BAT_00312.pt,existing,36,1482
BAT_00313,Mn3Cr(PO4)4,BAT_00313.pt,existing,24,982
BAT_00314,MnCr3(PO4)4,BAT_00314.pt,existing,24,1050
BAT_00315,Mn3Cr(PO4)6,BAT_00315.pt,existing,34,1396
BAT_00316,Mn7Cr(PO4)12,BAT_00316.pt,existing,68,2788
BAT_00317,MnCr3(PO4)6,BAT_00317.pt,existing,34,1330
BAT_00318,Mn3Cr2Sn(PO4)6,BAT_00318.pt,existing,36,1428
BAT_00319,TiMn3Cr2(PO4)6,BAT_00319.pt,existing,36,1440
BAT_00321,Mn3Cr2Sb3O16,BAT_00321.pt,existing,24,1042
BAT_00322,Ti3Mn3Cr2O16,BAT_00322.pt,existing,24,1118
BAT_00323,Mn3Cr3(SbO8)2,BAT_00323.pt,existing,24,1092
BAT_00324,Mn2Cr3Sb3O16,BAT_00324.pt,existing,24,1024
BAT_00325,Mn3Cr3(TeO8)2,BAT_00325.pt,existing,24,1086
BAT_00326,Mn3Cr3(SnO8)2,BAT_00326.pt,existing,24,1032
BAT_00327,Ti3Mn2Cr3O16,BAT_00327.pt,existing,24,1114
BAT_00328,Mn3V2Cr3O16,BAT_00328.pt,existing,24,1116
BAT_00329,Mn2V3Cr3O16,BAT_00329.pt,existing,24,1016
BAT_00330,Ti2Mn3Cr3O16,BAT_00330.pt,existing,24,1138
BAT_00331,Mn3Cr3(WO8)2,BAT_00331.pt,existing,24,1076
BAT_00332,NbCr3(PO4)6,BAT_00332.pt,existing,34,1246
BAT_00334,Cr3NiO8,BAT_00334.pt,existing,48,2052
BAT_00335,Cr3NiO8,BAT_00335.pt,existing,24,1048
BAT_00336,Ti3Nb2Cr3O16,BAT_00336.pt,existing,24,1020
BAT_00337,Cr3NiO8,BAT_00337.pt,existing,24,1040
BAT_00338,CrNi3O8,BAT_00338.pt,existing,12,528
BAT_00339,Cr3(NiO6)2,BAT_00339.pt,existing,68,2420
BAT_00341,Cr3NiO8,BAT_00341.pt,existing,48,2096
BAT_00342,CrNiO4,BAT_00342.pt,existing,12,520
BAT_00343,CrNi(PO4)2,BAT_00343.pt,existing,24,1036
BAT_00344,CrNi5(PO4)6,BAT_00344.pt,existing,36,1488
BAT_00345,Cr3Ni(PO4)6,BAT_00345.pt,existing,34,1306
BAT_00346,CrNi3(PO4)4,BAT_00346.pt,existing,24,1064
BAT_00347,Cr3Ni(PO4)4,BAT_00347.pt,existing,24,1074
BAT_00348,Cr3Ni(SO4)6,BAT_00348.pt,existing,34,1408
BAT_00349,VCr2Ni3(PO4)6,BAT_00349.pt,existing,36,1488
BAT_00350,TiCr2Ni3(PO4)6,BAT_00350.pt,existing,36,1464
BAT_00351,CrO6,BAT_00351.pt,existing,14,336
BAT_00354,CrO2,BAT_00354.pt,existing,15,638
BAT_00355,CrO2,BAT_00355.pt,existing,12,520
BAT_00356,CrO2,BAT_00356.pt,existing,6,308
BAT_00357,CrO2,BAT_00357.pt,existing,18,684
BAT_00358,CrO2,BAT_00358.pt,existing,6,286
BAT_00359,Cr3O8,BAT_00359.pt,existing,11,336
BAT_00360,CrO6,BAT_00360.pt,existing,14,284
BAT_00361,CrO4,BAT_00361.pt,existing,10,260
BAT_00362,Cr19O48,BAT_00362.pt,existing,67,2716
BAT_00364,Cr5O12,BAT_00364.pt,existing,68,2408
BAT_00365,CrO2,BAT_00365.pt,existing,24,1028
BAT_00366,Cr19O48,BAT_00366.pt,existing,67,2570
BAT_00367,CrO3,BAT_00367.pt,existing,4,156
BAT_00368,Cr3O8,BAT_00368.pt,existing,22,776
BAT_00369,CrO2,BAT_00369.pt,existing,12,540
BAT_00370,Cr3P3O13,BAT_00370.pt,existing,38,1544
BAT_00371,CrPO4,BAT_00371.pt,existing,24,872
BAT_00372,Cr2P3O11,BAT_00372.pt,existing,32,1236
BAT_00374,CrPO4,BAT_00374.pt,existing,24,1168
BAT_00375,CrP2O7,BAT_00375.pt,existing,20,772
BAT_00376,CrP2O7,BAT_00376.pt,existing,40,1676
BAT_00377,Cr2(PO4)3,BAT_00377.pt,existing,68,2648
BAT_00378,Cr3(P2O7)2,BAT_00378.pt,existing,42,1732
BAT_00379,Cr(PO4)2,BAT_00379.pt,existing,44,1732
BAT_00380,Cr(PO3)4,BAT_00380.pt,existing,68,2800
BAT_00381,Cr(PO3)5,BAT_00381.pt,existing,42,1392
BAT_00383,Cr(PO4)2,BAT_00383.pt,existing,22,888
BAT_00385,CrP2O7,BAT_00385.pt,existing,40,1436
BAT_00386,Cr2(PO4)3,BAT_00386.pt,existing,34,1520
BAT_00387,CrP2O7,BAT_00387.pt,existing,40,1496
BAT_00388,Cr2(PO4)3,BAT_00388.pt,existing,34,1378
BAT_00389,Cr2(PO3)5,BAT_00389.pt,existing,44,1672
BAT_00390,Cr(PO4)2,BAT_00390.pt,existing,22,820
BAT_00391,Cr2(PO4)3,BAT_00391.pt,existing,68,2562
BAT_00392,CrP2O7,BAT_00392.pt,existing,40,1672
BAT_00393,CrPO4,BAT_00393.pt,existing,48,2360
BAT_00394,Cr(PO3)4,BAT_00394.pt,existing,34,1020
BAT_00395,Cr2P5O18,BAT_00395.pt,existing,50,2014
BAT_00396,Cr2(PO4)3,BAT_00396.pt,existing,68,2720
BAT_00397,CrP2O7,BAT_00397.pt,existing,20,820
BAT_00398,CrP2O7,BAT_00398.pt,existing,40,1292
BAT_00399,CrP2O7,BAT_00399.pt,existing,40,1428
BAT_00401,Cr(PO3)4,BAT_00401.pt,existing,34,1108
BAT_00402,Cr4(PO4)3,BAT_00402.pt,existing,38,1568
BAT_00403,Cr2(PO4)3,BAT_00403.pt,existing,34,1424
BAT_00404,Cr(PO3)3,BAT_00404.pt,existing,26,854
BAT_00405,CrPO4,BAT_00405.pt,existing,36,1504
BAT_00406,CrP2O7,BAT_00406.pt,existing,40,1688
BAT_00408,Cr4(PO4)3,BAT_00408.pt,existing,76,2976
BAT_00409,Cr4(PO4)3,BAT_00409.pt,existing,38,1440
BAT_00410,CrP2O9,BAT_00410.pt,existing,24,822
BAT_00411,CrPO4,BAT_00411.pt,existing,24,1104
BAT_00412,CrPO5,BAT_00412.pt,existing,28,1144
BAT_00413,CrP2O7,BAT_00413.pt,existing,20,644
BAT_00414,Cr2(PO4)3,BAT_00414.pt,existing,68,2712
BAT_00415,Cr3P8O29,BAT_00415.pt,existing,80,2838
BAT_00416,Cr(PO3)3,BAT_00416.pt,existing,52,1974
BAT_00417,CrP2O7,BAT_00417.pt,existing,10,446
BAT_00418,CrPO4,BAT_00418.pt,existing,12,508
BAT_00419,Cr4P9O32,BAT_00419.pt,existing,90,3392
BAT_00420,Cr2P5O16,BAT_00420.pt,existing,46,1604
BAT_00421,Cr2P3O13,BAT_00421.pt,existing,72,2824
BAT_00422,Cr2P3O10,BAT_00422.pt,existing,30,1316
BAT_00423,Cr(PO3)3,BAT_00423.pt,existing,52,2152
BAT_00424,CrPO4,BAT_00424.pt,existing,24,1108
BAT_00425,CrP4O13,BAT_00425.pt,existing,36,1178
BAT_00426,CrP2O7,BAT_00426.pt,existing,40,1724
BAT_00427,Cr(PO4)2,BAT_00427.pt,existing,44,1832
BAT_00428,CrPO4,BAT_00428.pt,existing,24,892
BAT_00429,CrPO4,BAT_00429.pt,existing,24,676
BAT_00430,CrPO5,BAT_00430.pt,existing,14,536
BAT_00431,Cr3(P2O7)2,BAT_00431.pt,existing,42,1708
BAT_00433,Cr5(PO4)4,BAT_00433.pt,existing,50,2056
BAT_00434,Cr3(PO4)4,BAT_00434.pt,existing,46,1612
BAT_00435,Cr2P2O9,BAT_00435.pt,existing,52,1984
BAT_00436,CrPO4,BAT_00436.pt,existing,24,792
BAT_00437,Cr3(PO4)4,BAT_00437.pt,existing,69,2770
BAT_00440,CrPO4,BAT_00440.pt,existing,36,1386
BAT_00442,Cr3(PO4)4,BAT_00442.pt,existing,46,1840
BAT_00444,CrPO4,BAT_00444.pt,existing,48,1828
BAT_00445,CrPO5,BAT_00445.pt,existing,56,2216
BAT_00446,Cr3P4O15,BAT_00446.pt,existing,88,3312
BAT_00448,Cr(PO3)3,BAT_00448.pt,existing,52,2264
BAT_00449,CrP2O7,BAT_00449.pt,existing,40,1556
BAT_00451,Ti3Cr(PO4)6,BAT_00451.pt,existing,34,1270
BAT_00452,TiCr3(PO4)6,BAT_00452.pt,existing,34,1258
BAT_00453,VCr3(PO4)6,BAT_00453.pt,existing,34,1300
BAT_00454,V2Cr(PO4)3,BAT_00454.pt,existing,36,1440
BAT_00455,V3Cr(PO4)6,BAT_00455.pt,existing,34,1342
BAT_00456,VCr(P2O7)2,BAT_00456.pt,existing,40,1612
BAT_00457,Cr3P6WO24,BAT_00457.pt,existing,34,1258
BAT_00458,Cr2(SO4)3,BAT_00458.pt,existing,68,2936
BAT_00459,Cr2(SO4)3,BAT_00459.pt,existing,34,1438
BAT_00460,Cr(SO4)2,BAT_00460.pt,existing,88,3712
BAT_00461,Cr(SO4)2,BAT_00461.pt,existing,33,1286
BAT_00462,Cr(SO4)2,BAT_00462.pt,existing,33,1328
BAT_00463,ZnCr3(SO4)6,BAT_00463.pt,existing,34,1384
BAT_00464,Cr3SbO8,BAT_00464.pt,existing,24,1076
BAT_00465,TiCrSO8,BAT_00465.pt,existing,33,1106
BAT_00466,Cr3Sn3(SbO8)2,BAT_00466.pt,existing,24,954
BAT_00467,V2Cr3Sb3O16,BAT_00467.pt,existing,24,1014
BAT_00468,Cr5(Si2O7)2,BAT_00468.pt,existing,23,894
BAT_00469,V3Cr3(SbO8)2,BAT_00469.pt,existing,24,1054
BAT_00470,Ti3Cr3(SbO8)2,BAT_00470.pt,existing,24,1062
BAT_00471,Cr(SiO3)2,BAT_00471.pt,existing,18,764
BAT_00473,Cr(Si2O5)3,BAT_00473.pt,existing,88,3344
BAT_00474,Cr(Si2O5)3,BAT_00474.pt,existing,88,3388
BAT_00475,Cr(Si2O5)2,BAT_00475.pt,existing,30,1126
BAT_00479,Cr3TeO8,BAT_00479.pt,existing,24,1088
BAT_00480,CrTe(WO6)2,BAT_00480.pt,existing,16,622
BAT_00481,V3Cr3(TeO8)2,BAT_00481.pt,existing,24,1056
BAT_00482,TiCr3O8,BAT_00482.pt,existing,24,992
BAT_00483,TiCrO4,BAT_00483.pt,existing,6,284
BAT_00484,V3CrO8,BAT_00484.pt,existing,12,534
BAT_00486,TiV2CrO10,BAT_00486.pt,existing,14,468
BAT_00488,VCr2O6,BAT_00488.pt,existing,27,1110
BAT_00489,V5Cr2O12,BAT_00489.pt,existing,38,1672
BAT_00490,VCrO4,BAT_00490.pt,existing,18,740
BAT_00492,V3CrO8,BAT_00492.pt,existing,12,504
BAT_00493,VCrO4,BAT_00493.pt,existing,12,548
BAT_00495,V3Cr2O10,BAT_00495.pt,existing,30,1220
BAT_00496,VCr3O8,BAT_00496.pt,existing,24,990
BAT_00498,V3CrO8,BAT_00498.pt,existing,12,508
BAT_00502,VCr3O8,BAT_00502.pt,existing,24,986
BAT_00503,V2CrO6,BAT_00503.pt,existing,27,1094
BAT_00504,V3CrO8,BAT_00504.pt,existing,24,934
BAT_00505,VCrO4,BAT_00505.pt,existing,18,732
BAT_00506,Cr(WO4)3,BAT_00506.pt,existing,16,598
BAT_00507,V3Cr3(WO8)2,BAT_00507.pt,existing,24,1040
BAT_00508,CrWO6,BAT_00508.pt,existing,8,312
BAT_00509,Cr3WO8,BAT_00509.pt,existing,24,1076
BAT_00510,Cr2(PS4)3,BAT_00510.pt,existing,68,1096
BAT_00512,CrS2,BAT_00512.pt,existing,12,280
BAT_00513,CrS2,BAT_00513.pt,existing,3,60
BAT_00515,CsMnP3HO10,BAT_00515.pt,existing,16,552
BAT_00516,Cs2MnO4,BAT_00516.pt,existing,14,288
BAT_00525,NbFe3Cu2(PO4)6,BAT_00525.pt,existing,36,1404
BAT_00527,Fe3CuO8,BAT_00527.pt,existing,12,500
BAT_00528,Fe2Cu3O10,BAT_00528.pt,existing,15,586
BAT_00529,Fe(CuO3)2,BAT_00529.pt,existing,9,382
BAT_00530,FeCu3O8,BAT_00530.pt,existing,12,496
BAT_00531,FeCuO4,BAT_00531.pt,existing,12,416
BAT_00532,Fe2Cu(PO4)3,BAT_00532.pt,existing,36,1488
BAT_00533,Fe3Cu(PO4)4,BAT_00533.pt,existing,24,992
BAT_00534,FeCu3(PO4)4,BAT_00534.pt,existing,24,888
BAT_00535,TiFe3Cu2(PO4)6,BAT_00535.pt,existing,36,1458
BAT_00536,FeCu(PO4)2,BAT_00536.pt,existing,24,884
BAT_00537,V3Fe2CuO12,BAT_00537.pt,existing,36,1388
BAT_00553,Mn3CuNi2(PO4)6,BAT_00553.pt,existing,36,1530
BAT_00554,MnCu3O8,BAT_00554.pt,existing,12,508
BAT_00555,Mn5(CuO6)2,BAT_00555.pt,existing,19,834
BAT_00556,Mn5CuO12,BAT_00556.pt,existing,18,780
BAT_00557,Mn3CuO8,BAT_00557.pt,existing,12,520
BAT_00558,Mn2Cu3O10,BAT_00558.pt,existing,15,638
BAT_00559,Mn3CuO8,BAT_00559.pt,existing,12,520
BAT_00560,Mn3Cu(PO4)4,BAT_00560.pt,existing,24,984
BAT_00561,Mn5Cu(PO4)6,BAT_00561.pt,existing,36,1494
BAT_00562,Mn7Cu(PO4)12,BAT_00562.pt,existing,68,2758
BAT_00563,MnCu3(PO4)4,BAT_00563.pt,existing,24,998
BAT_00564,MnCu(PO4)2,BAT_00564.pt,existing,24,848
BAT_00566,Mn3Cu3(TeO8)2,BAT_00566.pt,existing,24,1082
BAT_00567,MnV4CuO12,BAT_00567.pt,existing,18,624
BAT_00573,CuNi3O8,BAT_00573.pt,existing,12,560
BAT_00574,V4CuNiO12,BAT_00574.pt,existing,36,1328
BAT_00617,TiCu3(PO4)4,BAT_00617.pt,existing,24,894
BAT_00619,VCu(PO4)2,BAT_00619.pt,existing,24,1016
BAT_00621,V3Cu(PO4)4,BAT_00621.pt,existing,24,976
BAT_00622,V2Cu(PO4)3,BAT_00622.pt,existing,36,1464
BAT_00624,V3Cu(PO4)6,BAT_00624.pt,existing,34,1342
BAT_00634,Ti3Cu3(TeO8)2,BAT_00634.pt,existing,24,1046
BAT_00636,V5CuO12,BAT_00636.pt,existing,36,1316
BAT_00637,V4CuO12,BAT_00637.pt,existing,17,588
BAT_00638,VCuO4,BAT_00638.pt,existing,12,544
BAT_00639,V3CuO8,BAT_00639.pt,existing,48,2120
BAT_00641,Ti16CuS32,BAT_00641.pt,existing,49,1104
BAT_00647,FeF6,BAT_00647.pt,existing,7,260
BAT_00648,FeF3,BAT_00648.pt,existing,8,288
BAT_00650,FeF4,BAT_00650.pt,existing,10,356
BAT_00652,FeF4,BAT_00652.pt,existing,10,260
BAT_00653,FeF3,BAT_00653.pt,existing,12,420
BAT_00654,FeF4,BAT_00654.pt,existing,10,308
BAT_00655,FeF4,BAT_00655.pt,existing,10,308
BAT_00656,FeF4,BAT_00656.pt,existing,20,652
BAT_00657,Fe4OF8,BAT_00657.pt,existing,26,792
BAT_00658,FeOF3,BAT_00658.pt,existing,20,632
BAT_00660,FeOF3,BAT_00660.pt,existing,10,312
BAT_00661,Fe3(OF3)2,BAT_00661.pt,existing,11,368
BAT_00663,Fe7O7F,BAT_00663.pt,existing,15,638
BAT_00664,Fe5(OF2)4,BAT_00664.pt,existing,17,698
BAT_00665,Fe7O3F13,BAT_00665.pt,existing,23,742
BAT_00668,FeO5F,BAT_00668.pt,existing,7,170
BAT_00669,Fe5(OF2)4,BAT_00669.pt,existing,17,808
BAT_00670,FeOF4,BAT_00670.pt,existing,12,356
BAT_00672,Fe5OF11,BAT_00672.pt,existing,17,612
BAT_00673,FeOF3,BAT_00673.pt,existing,20,636
BAT_00674,Fe3OF5,BAT_00674.pt,existing,18,776
BAT_00675,FeOF5,BAT_00675.pt,existing,21,582
BAT_00676,Fe4OF7,BAT_00676.pt,existing,24,1032
BAT_00678,Fe2OF3,BAT_00678.pt,existing,24,928
BAT_00679,Fe2O2F3,BAT_00679.pt,existing,14,572
BAT_00680,FeO5F,BAT_00680.pt,existing,14,310
BAT_00682,Fe5OF11,BAT_00682.pt,existing,17,644
BAT_00683,Fe5OF11,BAT_00683.pt,existing,17,558
BAT_00684,FeOF5,BAT_00684.pt,existing,28,790
BAT_00685,Fe7(OF7)2,BAT_00685.pt,existing,23,864
BAT_00689,Fe3OF7,BAT_00689.pt,existing,22,764
BAT_00690,Fe2Si2O7,BAT_00690.pt,existing,44,1452
BAT_00691,FeSiO4,BAT_00691.pt,existing,24,776
BAT_00692,FeSiO4,BAT_00692.pt,existing,24,760
BAT_00693,FeSiO4,BAT_00693.pt,existing,24,744
BAT_00694,FeSiO5,BAT_00694.pt,existing,28,814
BAT_00695,Fe3(SiO4)2,BAT_00695.pt,existing,39,1226
BAT_00696,Fe2Si3O10,BAT_00696.pt,existing,30,992
BAT_00697,FeSiO4,BAT_00697.pt,existing,48,1512
BAT_00698,FeSiO4,BAT_00698.pt,existing,24,752
BAT_00699,FeSiO4,BAT_00699.pt,existing,24,816
BAT_00700,FeSiO4,BAT_00700.pt,existing,72,2256
BAT_00701,FeSiO4,BAT_00701.pt,existing,36,1170
BAT_00703,Fe(SiO3)2,BAT_00703.pt,existing,72,2552
BAT_00705,FeSiO4,BAT_00705.pt,existing,24,736
BAT_00706,FeSiO4,BAT_00706.pt,existing,24,760
BAT_00707,FeSiO4,BAT_00707.pt,existing,24,748
BAT_00708,Fe(Si2O5)3,BAT_00708.pt,existing,88,3200
BAT_00709,FeSiO4,BAT_00709.pt,existing,24,764
BAT_00710,Fe3(SnO5)2,BAT_00710.pt,existing,15,534
BAT_00711,FeSnO4,BAT_00711.pt,existing,24,784
BAT_00712,Fe3TeO8,BAT_00712.pt,existing,24,1076
BAT_00713,V3Fe3(TeO8)2,BAT_00713.pt,existing,24,844
BAT_00715,Fe3TeO8,BAT_00715.pt,existing,12,440
BAT_00716,TiFe2O5,BAT_00716.pt,existing,16,682
BAT_00717,Ti12Fe5O32,BAT_00717.pt,existing,49,2076
BAT_00718,TiFeO4,BAT_00718.pt,existing,12,568
BAT_00719,TiFe3O8,BAT_00719.pt,existing,24,944
BAT_00720,TiFeO4,BAT_00720.pt,existing,24,992
BAT_00721,TiFe3O8,BAT_00721.pt,existing,24,1016
BAT_00722,Ti2Fe3O10,BAT_00722.pt,existing,15,588
BAT_00723,TiFe5O12,BAT_00723.pt,existing,18,652
BAT_00724,TiFe3O8,BAT_00724.pt,existing,24,754
BAT_00725,Ti(FeO3)2,BAT_00725.pt,existing,27,1086
BAT_00726,V2Fe3O10,BAT_00726.pt,existing,15,586
BAT_00727,VFeO4,BAT_00727.pt,existing,12,464
BAT_00728,V4FeO12,BAT_00728.pt,existing,17,578
BAT_00729,VFeO4,BAT_00729.pt,existing,12,496
BAT_00730,VFe3O8,BAT_00730.pt,existing,24,1016
BAT_00731,VFeO4,BAT_00731.pt,existing,12,516
BAT_00732,V3(FeO5)2,BAT_00732.pt,existing,15,592
BAT_00733,V(FeO3)2,BAT_00733.pt,existing,27,1218
BAT_00735,V3(FeO6)2,BAT_00735.pt,existing,68,2252
BAT_00736,V3FeO8,BAT_00736.pt,existing,12,528
BAT_00737,V2FeO6,BAT_00737.pt,existing,27,1180
BAT_00738,VFe3O8,BAT_00738.pt,existing,12,472
BAT_00739,VFeO4,BAT_00739.pt,existing,18,714
BAT_00740,V3FeO8,BAT_00740.pt,existing,12,480
BAT_00741,Fe3WO8,BAT_00741.pt,existing,12,448
BAT_00745,Fe(PS3)2,BAT_00745.pt,existing,9,190
BAT_00752,VGa3O8,BAT_00752.pt,existing,12,372
BAT_00755,NiGe3O8,BAT_00755.pt,existing,48,2560
BAT_00756,V2SiGeO10,BAT_00756.pt,existing,14,506
BAT_00757,V2SiGeO10,BAT_00757.pt,existing,28,1016
BAT_00758,V(GeO3)2,BAT_00758.pt,existing,36,1412
BAT_00760,VGeO5,BAT_00760.pt,existing,14,492
BAT_00763,MnPHO5,BAT_00763.pt,existing,16,770
BAT_00764,MnP2HO8,BAT_00764.pt,existing,24,1024
BAT_00766,MnPH2O5,BAT_00766.pt,existing,36,1662
BAT_00767,Mn2P4H3O16,BAT_00767.pt,existing,25,1126
BAT_00768,MnP2HO7,BAT_00768.pt,existing,44,1972
BAT_00769,MnVP2(HO5)2,BAT_00769.pt,existing,32,1488
BAT_00770,MnVP2(HO5)2,BAT_00770.pt,existing,16,702
BAT_00771,MnH4(SO5)2,BAT_00771.pt,existing,34,1552
BAT_00773,MnH4(SO5)2,BAT_00773.pt,existing,34,1522
BAT_00774,MnH6(S2O9)2,BAT_00774.pt,existing,116,4080
BAT_00775,MnH8(SO6)2,BAT_00775.pt,existing,92,4312
BAT_00776,NiH12(SO7)2,BAT_00776.pt,existing,58,2340
BAT_00782,VP2HO8,BAT_00782.pt,existing,48,2192
BAT_00783,VP2HO8,BAT_00783.pt,existing,48,2188
BAT_00785,V2P4H3O16,BAT_00785.pt,existing,25,1164
BAT_00786,VP2HO8,BAT_00786.pt,existing,72,3286
BAT_00787,VP2HO8,BAT_00787.pt,existing,72,3282
BAT_00788,VPHO5,BAT_00788.pt,existing,32,1424
BAT_00789,VSi4(HO6)2,BAT_00789.pt,existing,38,1506
BAT_00790,VP2HO8,BAT_00790.pt,existing,48,2122
BAT_00794,KMnO2,BAT_00794.pt,existing,16,454
BAT_00796,KMnO2,BAT_00796.pt,existing,8,248
BAT_00803,K2NiO4,BAT_00803.pt,existing,28,736
BAT_00825,LaTi2O6,BAT_00825.pt,existing,9,400
BAT_00829,Mg2Mn3O8,BAT_00829.pt,existing,13,588
BAT_00831,Mg(NiO2)4,BAT_00831.pt,existing,13,680
BAT_00832,MgNi3O8,BAT_00832.pt,existing,12,580
BAT_00833,Mg(Ni6O13)2,BAT_00833.pt,existing,39,1898
BAT_00842,Na5Mn2O8,BAT_00842.pt,existing,120,4272
BAT_00843,NaMnP2O7,BAT_00843.pt,existing,22,944
BAT_00844,Na2Mn(PO3)5,BAT_00844.pt,existing,46,1712
BAT_00845,Mn2NbNi3(PO4)6,BAT_00845.pt,existing,36,1410
BAT_00847,Mn3NbO8,BAT_00847.pt,existing,24,1032
BAT_00848,MnNb4O12,BAT_00848.pt,existing,68,2588
BAT_00849,Mn3Nb(PO4)4,BAT_00849.pt,existing,24,850
BAT_00850,Mn3Nb(PO4)6,BAT_00850.pt,existing,34,1324
BAT_00851,Mn7Nb(PO4)12,BAT_00851.pt,existing,68,2758
BAT_00852,MnNi3O8,BAT_00852.pt,existing,12,572
BAT_00853,MnNiO4,BAT_00853.pt,existing,12,512
BAT_00854,Mn2Ni3O10,BAT_00854.pt,existing,15,680
BAT_00855,Mn3NiO8,BAT_00855.pt,existing,12,592
BAT_00856,Mn5NiO12,BAT_00856.pt,existing,18,780
BAT_00858,Mn2NiO6,BAT_00858.pt,existing,18,708
BAT_00859,Mn15NiO32,BAT_00859.pt,existing,48,2092
BAT_00860,Mn3NiO8,BAT_00860.pt,existing,48,2344
BAT_00861,Mn5Ni3O16,BAT_00861.pt,existing,24,1150
BAT_00863,Mn2Ni5O12,BAT_00863.pt,existing,19,928
BAT_00864,Mn(NiO3)2,BAT_00864.pt,existing,9,416
BAT_00865,Mn2NiO6,BAT_00865.pt,existing,9,414
BAT_00866,Mn4NiO8,BAT_00866.pt,existing,13,588
BAT_00867,Mn3NiO8,BAT_00867.pt,existing,12,604
BAT_00868,MnNi(PO4)2,BAT_00868.pt,existing,36,1476
BAT_00869,MnNi(PO4)2,BAT_00869.pt,existing,36,1530
BAT_00871,MnNi(PO4)2,BAT_00871.pt,existing,24,1064
BAT_00872,Mn3Ni(PO4)4,BAT_00872.pt,existing,24,1000
BAT_00873,Mn7Ni(PO4)12,BAT_00873.pt,existing,68,2772
BAT_00874,MnNi3(PO4)4,BAT_00874.pt,existing,24,1052
BAT_00875,Mn5Ni(PO4)6,BAT_00875.pt,existing,36,1488
BAT_00876,Mn2Ni(PO4)3,BAT_00876.pt,existing,36,1536
BAT_00877,Mn2VNi3(PO4)6,BAT_00877.pt,existing,36,1446
BAT_00878,TiMn2Ni3(PO4)6,BAT_00878.pt,existing,36,1458
BAT_00879,Ti2Mn3Ni3O16,BAT_00879.pt,existing,24,1068
BAT_00880,Mn3Ni3(TeO8)2,BAT_00880.pt,existing,24,1116
BAT_00881,MnV4NiO12,BAT_00881.pt,existing,18,660
BAT_00883,Mn17O40,BAT_00883.pt,existing,57,2422
BAT_00884,MnO2,BAT_00884.pt,existing,24,1000
BAT_00885,Mn5O12,BAT_00885.pt,existing,34,1492
BAT_00886,MnO2,BAT_00886.pt,existing,3,96
BAT_00888,MnO2,BAT_00888.pt,existing,30,1306
BAT_00890,Mn15O32,BAT_00890.pt,existing,47,2032
BAT_00891,MnO2,BAT_00891.pt,existing,12,680
BAT_00892,Mn3O8,BAT_00892.pt,existing,22,888
BAT_00893,MnO2,BAT_00893.pt,existing,36,1576
BAT_00895,Mn7O16,BAT_00895.pt,existing,23,1028
BAT_00896,Mn5O8,BAT_00896.pt,existing,13,500
BAT_00898,Mn3O8,BAT_00898.pt,existing,44,1776
BAT_00899,MnO2,BAT_00899.pt,existing,54,2300
BAT_00900,MnO2,BAT_00900.pt,existing,6,288
BAT_00901,MnO2,BAT_00901.pt,existing,12,548
BAT_00902,MnO2,BAT_00902.pt,existing,12,494
BAT_00903,MnO2,BAT_00903.pt,existing,60,2600
BAT_00904,Mn21O40,BAT_00904.pt,existing,61,2680
BAT_00905,Mn5O12,BAT_00905.pt,existing,34,1444
BAT_00909,MnO2,BAT_00909.pt,existing,9,462
BAT_00910,Mn21O40,BAT_00910.pt,existing,61,2680
BAT_00911,MnO2,BAT_00911.pt,existing,12,464
BAT_00912,MnO3,BAT_00912.pt,existing,32,1394
BAT_00913,Mn15O32,BAT_00913.pt,existing,47,2052
BAT_00914,Mn7O12,BAT_00914.pt,existing,19,834
BAT_00916,MnO2,BAT_00916.pt,existing,84,3640
BAT_00917,MnPO4,BAT_00917.pt,existing,12,476
BAT_00918,Mn(PO3)5,BAT_00918.pt,existing,42,1448
BAT_00919,Mn4(PO4)3,BAT_00919.pt,existing,38,1568
BAT_00921,Mn9(P2O7)8,BAT_00921.pt,existing,81,2908
BAT_00923,Mn(PO3)3,BAT_00923.pt,existing,52,2200
BAT_00924,MnPO4,BAT_00924.pt,existing,12,552
BAT_00925,MnPO4,BAT_00925.pt,existing,24,976
BAT_00926,Mn(PO3)3,BAT_00926.pt,existing,52,1966
BAT_00927,MnPO4,BAT_00927.pt,existing,36,1500
BAT_00928,Mn(PO3)4,BAT_00928.pt,existing,34,1240
BAT_00929,Mn3P8O29,BAT_00929.pt,existing,80,2812
BAT_00930,Mn4(PO4)3,BAT_00930.pt,existing,38,1628
BAT_00931,MnP2O7,BAT_00931.pt,existing,20,700
BAT_00932,Mn3P3O13,BAT_00932.pt,existing,38,1564
BAT_00933,Mn2(PO4)3,BAT_00933.pt,existing,68,2928
BAT_00934,MnP2O7,BAT_00934.pt,existing,40,1704
BAT_00935,MnPO4,BAT_00935.pt,existing,72,3040
BAT_00936,Mn3(PO4)4,BAT_00936.pt,existing,69,2954
BAT_00937,MnPO4,BAT_00937.pt,existing,24,664
BAT_00938,MnP2O7,BAT_00938.pt,existing,20,800
BAT_00940,MnP2O7,BAT_00940.pt,existing,40,1540
BAT_00941,Mn4(PO4)3,BAT_00941.pt,existing,76,2984
BAT_00942,Mn2(PO4)3,BAT_00942.pt,existing,34,1438
BAT_00943,MnP2O7,BAT_00943.pt,existing,40,1584
BAT_00944,MnPO4,BAT_00944.pt,existing,24,736
BAT_00945,MnP2O7,BAT_00945.pt,existing,40,1368
BAT_00948,MnP2O7,BAT_00948.pt,existing,10,470
BAT_00949,Mn2(PO4)3,BAT_00949.pt,existing,34,1532
BAT_00951,MnPO4,BAT_00951.pt,existing,36,1200
BAT_00952,MnP2O7,BAT_00952.pt,existing,40,1458
BAT_00953,Mn(PO4)2,BAT_00953.pt,existing,44,1348
BAT_00954,Mn4(PO4)3,BAT_00954.pt,existing,38,1344
BAT_00955,Mn(PO3)4,BAT_00955.pt,existing,17,660
BAT_00956,Mn(PO4)2,BAT_00956.pt,existing,22,812
BAT_00957,Mn(PO4)2,BAT_00957.pt,existing,44,1868
BAT_00958,MnP2O7,BAT_00958.pt,existing,20,730
BAT_00959,MnPO4,BAT_00959.pt,existing,24,800
BAT_00960,Mn3(P2O7)2,BAT_00960.pt,existing,42,1684
BAT_00961,Mn2P2O9,BAT_00961.pt,existing,52,2048
BAT_00962,MnP2O7,BAT_00962.pt,existing,80,3056
BAT_00963,Mn(PO4)2,BAT_00963.pt,existing,22,836
BAT_00964,MnPO4,BAT_00964.pt,existing,24,936
BAT_00965,MnP2O7,BAT_00965.pt,existing,40,1724
BAT_00966,Mn(PO3)4,BAT_00966.pt,existing,34,1028
BAT_00967,Mn(PO3)4,BAT_00967.pt,existing,68,2728
BAT_00968,Mn(PO3)3,BAT_00968.pt,existing,52,2016
BAT_00969,Mn3(P2O7)2,BAT_00969.pt,existing,42,1718
BAT_00970,Mn2P3O11,BAT_00970.pt,existing,32,1240
BAT_00971,Mn(PO3)4,BAT_00971.pt,existing,34,1168
BAT_00972,MnP2O7,BAT_00972.pt,existing,20,852
BAT_00973,Mn(PO4)2,BAT_00973.pt,existing,22,948
BAT_00974,MnP2O7,BAT_00974.pt,existing,40,1740
BAT_00975,MnPO4,BAT_00975.pt,existing,24,896
BAT_00976,MnPO4,BAT_00976.pt,existing,96,2852
BAT_00977,Mn(PO3)4,BAT_00977.pt,existing,68,2856
BAT_00978,MnPO4,BAT_00978.pt,existing,24,740
BAT_00979,Mn3(PO4)4,BAT_00979.pt,existing,46,1944
BAT_00980,Mn5(P3O11)2,BAT_00980.pt,existing,66,2512
BAT_00981,Mn(PO4)2,BAT_00981.pt,existing,22,884
BAT_00982,Mn3(PO4)4,BAT_00982.pt,existing,46,1636
BAT_00983,Mn(PO3)3,BAT_00983.pt,existing,26,848
BAT_00984,Mn2P3O10,BAT_00984.pt,existing,30,980
BAT_00985,MnPO4,BAT_00985.pt,existing,24,918
BAT_00986,Mn4(PO4)3,BAT_00986.pt,existing,76,2700
BAT_00987,Mn2P5O16,BAT_00987.pt,existing,46,1700
BAT_00988,Mn9(PO4)8,BAT_00988.pt,existing,49,1896
BAT_00989,Mn3(PO4)4,BAT_00989.pt,existing,23,942
BAT_00990,MnPO4,BAT_00990.pt,existing,24,874
BAT_00991,MnP2O7,BAT_00991.pt,existing,20,852
BAT_00992,Mn(PO3)4,BAT_00992.pt,existing,34,1264
BAT_00993,Mn(PO3)4,BAT_00993.pt,existing,68,2400
BAT_00994,Mn2P3O10,BAT_00994.pt,existing,30,1296
BAT_00995,Mn2(PO4)3,BAT_00995.pt,existing,68,2284
BAT_00996,MnPO5,BAT_00996.pt,existing,28,1200
BAT_00997,MnPO4,BAT_00997.pt,existing,18,576
BAT_00998,MnP2O7,BAT_00998.pt,existing,40,1744
BAT_00999,Mn(PO3)3,BAT_00999.pt,existing,52,1976
BAT_01000,MnP2O7,BAT_01000.pt,existing,40,1732
BAT_01001,Mn(PO3)3,BAT_01001.pt,existing,78,3280
BAT_01002,MnP2O7,BAT_01002.pt,existing,40,1752
BAT_01003,MnP2O9,BAT_01003.pt,existing,24,830
BAT_01004,MnP2O7,BAT_01004.pt,existing,20,756
BAT_01005,Mn2(PO4)3,BAT_01005.pt,existing,34,1348
BAT_01007,MnPO4,BAT_01007.pt,existing,24,1104
BAT_01008,MnP2O7,BAT_01008.pt,existing,40,1718
BAT_01009,MnPO4,BAT_01009.pt,existing,36,1540
BAT_01010,MnPO4,BAT_01010.pt,existing,48,1448
BAT_01011,MnPO5,BAT_01011.pt,existing,28,1200
BAT_01013,MnPO4,BAT_01013.pt,existing,36,1540
BAT_01015,MnP2O7,BAT_01015.pt,existing,40,1732
BAT_01016,MnPO4,BAT_01016.pt,existing,36,1512
BAT_01020,Mn7(PO4)6,BAT_01020.pt,existing,37,1670
BAT_01021,Mn2PO5,BAT_01021.pt,existing,32,1288
BAT_01022,Mn3Sb(PO4)6,BAT_01022.pt,existing,34,1360
BAT_01023,Mn3Sb(PO4)4,BAT_01023.pt,existing,24,872
BAT_01024,Mn7Sb(PO4)12,BAT_01024.pt,existing,68,2774
BAT_01025,Mn5Sb(PO4)6,BAT_01025.pt,existing,36,1404
BAT_01026,Mn3Sn(PO4)4,BAT_01026.pt,existing,24,942
BAT_01027,MnSn(PO4)2,BAT_01027.pt,existing,48,1736
BAT_01028,Mn7Sn(PO4)12,BAT_01028.pt,existing,68,2734
BAT_01029,Mn3Sn(PO4)6,BAT_01029.pt,existing,34,1300
BAT_01030,Mn5Sn(PO4)6,BAT_01030.pt,existing,36,1410
BAT_01032,TiMn7(PO4)12,BAT_01032.pt,existing,68,2774
BAT_01033,MnV3(PO4)4,BAT_01033.pt,existing,24,970
BAT_01034,TiMn3(PO4)6,BAT_01034.pt,existing,34,1342
BAT_01036,TiMn3(PO4)4,BAT_01036.pt,existing,24,950
BAT_01037,MnV(P2O7)2,BAT_01037.pt,existing,20,796
BAT_01038,MnV(PO4)3,BAT_01038.pt,existing,34,1264
BAT_01039,MnV3(PO4)6,BAT_01039.pt,existing,34,1342
BAT_01040,MnV(PO4)3,BAT_01040.pt,existing,34,1364
BAT_01041,Mn7V(PO4)12,BAT_01041.pt,existing,68,2808
BAT_01042,Mn3V(PO4)4,BAT_01042.pt,existing,24,966
BAT_01043,MnV(PO4)2,BAT_01043.pt,existing,24,984
BAT_01044,Mn5V(PO4)6,BAT_01044.pt,existing,36,1470
BAT_01045,MnV(PO4)3,BAT_01045.pt,existing,34,1270
BAT_01046,Mn5P6WO24,BAT_01046.pt,existing,36,1380
BAT_01047,MnV2(PO4)3,BAT_01047.pt,existing,36,1416
BAT_01048,Mn3V(PO4)6,BAT_01048.pt,existing,34,1396
BAT_01049,MnV(PO4)3,BAT_01049.pt,existing,34,1298
BAT_01050,Mn3P6WO24,BAT_01050.pt,existing,34,1348
BAT_01051,MnSO5,BAT_01051.pt,existing,14,582
BAT_01052,Mn(SO4)2,BAT_01052.pt,existing,88,3568
BAT_01053,Mn2(SO4)3,BAT_01053.pt,existing,34,1348
BAT_01054,Mn(SO4)2,BAT_01054.pt,existing,33,1346
BAT_01055,Mn2(SO4)3,BAT_01055.pt,existing,34,1392
BAT_01056,Mn2(SO4)3,BAT_01056.pt,existing,68,2768
BAT_01057,Mn3SbO8,BAT_01057.pt,existing,12,448
BAT_01058,Mn(SO4)2,BAT_01058.pt,existing,33,1304
BAT_01059,Mn3SbO8,BAT_01059.pt,existing,24,1076
BAT_01060,Mn5SbO12,BAT_01060.pt,existing,18,576
BAT_01061,Mn(SbO3)4,BAT_01061.pt,existing,17,700
BAT_01062,Mn5Sb3O16,BAT_01062.pt,existing,24,1032
BAT_01063,Mn3SbO8,BAT_01063.pt,existing,48,1888
BAT_01064,Mn5(SeO3)8,BAT_01064.pt,existing,74,2468
BAT_01065,Ti3Mn3(SbO8)2,BAT_01065.pt,existing,24,1036
BAT_01066,MnSi2O7,BAT_01066.pt,existing,10,318
BAT_01067,Mn3(SeO3)4,BAT_01067.pt,existing,38,1244
BAT_01068,Mn(SiO3)2,BAT_01068.pt,existing,18,804
BAT_01069,Mn2Si2O7,BAT_01069.pt,existing,22,908
BAT_01070,MnSiO4,BAT_01070.pt,existing,12,404
BAT_01071,MnSiO4,BAT_01071.pt,existing,24,760
BAT_01072,MnSiO4,BAT_01072.pt,existing,24,784
BAT_01073,Mn(Si2O5)2,BAT_01073.pt,existing,60,2200
BAT_01074,Mn4Si4O13,BAT_01074.pt,existing,42,1760
BAT_01075,MnSiO4,BAT_01075.pt,existing,24,736
BAT_01076,MnSiO4,BAT_01076.pt,existing,24,804
BAT_01077,Mn2Si3O10,BAT_01077.pt,existing,30,1008
BAT_01078,MnSiO4,BAT_01078.pt,existing,24,796
BAT_01079,MnSiO4,BAT_01079.pt,existing,24,748
BAT_01080,MnSiO4,BAT_01080.pt,existing,24,756
BAT_01081,Mn3Si3O10,BAT_01081.pt,existing,32,1320
BAT_01082,MnSiO4,BAT_01082.pt,existing,24,772
BAT_01084,Mn3SnO8,BAT_01084.pt,existing,24,1076
BAT_01086,Mn3SnO8,BAT_01086.pt,existing,48,1888
BAT_01087,Mn3SnO8,BAT_01087.pt,existing,24,920
BAT_01088,Mn5SnO12,BAT_01088.pt,existing,18,648
BAT_01089,MnSnO4,BAT_01089.pt,existing,12,392
BAT_01090,Mn3Sn3(TeO8)2,BAT_01090.pt,existing,24,880
BAT_01091,Ti3Mn3(SnO8)2,BAT_01091.pt,existing,24,1016
BAT_01092,Mn3TeO8,BAT_01092.pt,existing,24,1064
BAT_01093,Mn5Te3O16,BAT_01093.pt,existing,24,924
BAT_01094,Mn3TeO8,BAT_01094.pt,existing,12,460
BAT_01095,Mn3TeO8,BAT_01095.pt,existing,12,476
BAT_01097,Ti2Mn3O10,BAT_01097.pt,existing,15,600
BAT_01098,Ti3Mn3(TeO8)2,BAT_01098.pt,existing,24,984
BAT_01099,TiMn5O12,BAT_01099.pt,existing,18,780
BAT_01100,Mn3V3(TeO8)2,BAT_01100.pt,existing,24,852
BAT_01101,TiMnO4,BAT_01101.pt,existing,12,568
BAT_01102,TiMn2O6,BAT_01102.pt,existing,18,780
BAT_01103,TiMn2O6,BAT_01103.pt,existing,9,390
BAT_01105,TiMn3O8,BAT_01105.pt,existing,24,1040
BAT_01106,TiMn3O8,BAT_01106.pt,existing,12,520
BAT_01107,Ti5Mn3O16,BAT_01107.pt,existing,24,1120
BAT_01108,TiMn9O20,BAT_01108.pt,existing,60,2608
BAT_01109,TiMnO4,BAT_01109.pt,existing,24,936
BAT_01110,Ti3MnO8,BAT_01110.pt,existing,24,1112
BAT_01111,TiMn3O8,BAT_01111.pt,existing,36,1440
BAT_01112,TiMn4O10,BAT_01112.pt,existing,60,2600
BAT_01113,TiMn3O8,BAT_01113.pt,existing,24,1160
BAT_01115,MnV4O12,BAT_01115.pt,existing,34,1172
BAT_01116,MnVO4,BAT_01116.pt,existing,12,472
BAT_01117,MnVO4,BAT_01117.pt,existing,12,496
BAT_01119,Mn2V5O12,BAT_01119.pt,existing,19,804
BAT_01121,MnV3O8,BAT_01121.pt,existing,12,522
BAT_01122,Mn3VO8,BAT_01122.pt,existing,24,1160
BAT_01123,Mn2V3O12,BAT_01123.pt,existing,68,2372
BAT_01125,MnV3O8,BAT_01125.pt,existing,12,266
BAT_01126,Mn3VO8,BAT_01126.pt,existing,12,520
BAT_01127,MnV5O12,BAT_01127.pt,existing,18,644
BAT_01129,MnV4O12,BAT_01129.pt,existing,17,772
BAT_01130,MnV3O8,BAT_01130.pt,existing,12,496
BAT_01131,MnVO4,BAT_01131.pt,existing,12,484
BAT_01132,Mn3V2O10,BAT_01132.pt,existing,30,1164
BAT_01133,Mn3WO8,BAT_01133.pt,existing,12,400
BAT_01149,Ti(SO4)2,BAT_01149.pt,existing,88,3632
BAT_01151,V2(SO4)3,BAT_01151.pt,existing,34,1420
BAT_01154,V2(SO4)3,BAT_01154.pt,existing,68,2768
BAT_01155,V(SO4)2,BAT_01155.pt,existing,33,1268
BAT_01156,V(SO4)2,BAT_01156.pt,existing,88,3744
BAT_01158,V(SO4)3,BAT_01158.pt,existing,32,1152
BAT_01163,TiSiO4,BAT_01163.pt,existing,12,576
BAT_01167,VSiO5,BAT_01167.pt,existing,14,524
BAT_01168,VSiO4,BAT_01168.pt,existing,24,1120
BAT_01169,VSiO4,BAT_01169.pt,existing,24,1012
BAT_01170,V(SiO3)2,BAT_01170.pt,existing,54,2078
BAT_01171,VSiO4,BAT_01171.pt,existing,24,1056
BAT_01172,VSi2O7,BAT_01172.pt,existing,60,2190
BAT_01173,VSiO5,BAT_01173.pt,existing,28,1040
BAT_01174,V2Si4O11,BAT_01174.pt,existing,34,1468
BAT_01175,V(SiO3)2,BAT_01175.pt,existing,36,1500
BAT_01176,V3Si3O10,BAT_01176.pt,existing,32,1336
BAT_01177,V4Si4O13,BAT_01177.pt,existing,42,1776
BAT_01178,VSiO4,BAT_01178.pt,existing,24,1112
BAT_01180,V(Si2O5)3,BAT_01180.pt,existing,88,3288
BAT_01181,V(SiO3)2,BAT_01181.pt,existing,72,3056
BAT_01182,VZnSiO5,BAT_01182.pt,existing,32,1402
BAT_01186,V(TeO4)3,BAT_01186.pt,existing,16,600
BAT_01187,Ti(TeO4)3,BAT_01187.pt,existing,32,1134
BAT_01188,V(TeO4)3,BAT_01188.pt,existing,16,642
BAT_01189,VTe(WO6)2,BAT_01189.pt,existing,16,614
BAT_01190,TiO2,BAT_01190.pt,existing,24,1112
BAT_01203,Ti11O24,BAT_01203.pt,existing,35,1408
BAT_01204,Ti9O20,BAT_01204.pt,existing,58,2308
BAT_01208,Ti15O32,BAT_01208.pt,existing,47,1932
BAT_01214,TiV3O10,BAT_01214.pt,existing,14,464
BAT_01218,Ti2V3O10,BAT_01218.pt,existing,30,1172
BAT_01219,TiV3O8,BAT_01219.pt,existing,12,428
BAT_01221,TiV2O6,BAT_01221.pt,existing,18,748
BAT_01223,Ti2V3O12,BAT_01223.pt,existing,68,2240
BAT_01224,TiVO5,BAT_01224.pt,existing,14,452
BAT_01226,Ti3VO8,BAT_01226.pt,existing,24,1112
BAT_01227,Ti3V5O16,BAT_01227.pt,existing,24,1112
BAT_01228,TiVO4,BAT_01228.pt,existing,24,1136
BAT_01234,V3O8,BAT_01234.pt,existing,22,908
BAT_01235,V12O29,BAT_01235.pt,existing,41,1696
BAT_01236,VO2,BAT_01236.pt,existing,48,1948
BAT_01240,V9O22,BAT_01240.pt,existing,62,2512
BAT_01241,VO3,BAT_01241.pt,existing,8,306
BAT_01242,V2O5,BAT_01242.pt,existing,28,976
BAT_01243,VO2,BAT_01243.pt,existing,33,1276
BAT_01244,VO3,BAT_01244.pt,existing,8,304
BAT_01245,VO2,BAT_01245.pt,existing,3,126
BAT_01246,V2O5,BAT_01246.pt,existing,21,840
BAT_01247,V2O5,BAT_01247.pt,existing,28,992
BAT_01248,V2O5,BAT_01248.pt,existing,14,532
BAT_01249,V2O5,BAT_01249.pt,existing,28,1040
BAT_01250,V5O12,BAT_01250.pt,existing,68,2264
BAT_01251,VO2,BAT_01251.pt,existing,12,464
BAT_01252,V5O12,BAT_01252.pt,existing,34,1164
BAT_01253,VO2,BAT_01253.pt,existing,15,594
BAT_01254,V2O5,BAT_01254.pt,existing,98,3320
BAT_01255,V5O12,BAT_01255.pt,existing,17,768
BAT_01257,V2O5,BAT_01257.pt,existing,14,444
BAT_01258,V3O7,BAT_01258.pt,existing,60,1680
BAT_01259,VO2,BAT_01259.pt,existing,12,538
BAT_01260,V6O13,BAT_01260.pt,existing,38,1664
BAT_01261,VO2,BAT_01261.pt,existing,15,656
BAT_01263,V3Zn2O8,BAT_01263.pt,existing,26,1128
BAT_01291,V2C4SO16,BAT_01291.pt,existing,46,1768
BAT_01292,V(CO3)2,BAT_01292.pt,existing,18,588
BAT_01293,VSiCO7,BAT_01293.pt,existing,20,692
BAT_01294,V(CO3)2,BAT_01294.pt,existing,36,1400
BAT_01295,V(CO3)2,BAT_01295.pt,existing,36,1472
BAT_01296,V(CO3)2,BAT_01296.pt,existing,36,1424
BAT_01297,V(CO3)2,BAT_01297.pt,existing,18,776
BAT_01298,V(CO3)2,BAT_01298.pt,existing,36,1576
BAT_01299,VCO5,BAT_01299.pt,existing,56,2360
BAT_01300,V(CO3)4,BAT_01300.pt,existing,68,2576
BAT_01301,V(CO3)2,BAT_01301.pt,existing,27,1178
BAT_01302,V(CO3)2,BAT_01302.pt,existing,36,1600
BAT_01303,V(CO3)3,BAT_01303.pt,existing,26,968
BAT_01304,V(CO3)2,BAT_01304.pt,existing,36,1384
BAT_01328,FeClO,BAT_01328.pt,existing,12,328
BAT_01329,FeMoClO4,BAT_01329.pt,existing,14,384
BAT_01330,FeWClO4,BAT_01330.pt,existing,14,384
BAT_01345,Cr2Fe3Co3O16,BAT_01345.pt,existing,24,1190
BAT_01346,Mn3Cr2Co3O16,BAT_01346.pt,existing,24,1292
BAT_01347,Mn2Cr3Co3O16,BAT_01347.pt,existing,24,1208
BAT_01349,Cr(CoO3)2,BAT_01349.pt,existing,18,826
BAT_01350,CrCo3O8,BAT_01350.pt,existing,12,580
BAT_01351,CrCoO4,BAT_01351.pt,existing,18,814
BAT_01352,Mn3CrCo2(PO4)6,BAT_01352.pt,existing,36,1524
BAT_01353,Cr(CoO3)2,BAT_01353.pt,existing,9,434
BAT_01354,CrCo5O12,BAT_01354.pt,existing,18,888
BAT_01355,Cr2CoO6,BAT_01355.pt,existing,9,404
BAT_01356,Cr3(CoO6)2,BAT_01356.pt,success,68,2432
BAT_01357,CrCo3O8,BAT_01357.pt,success,12,604
BAT_01358,Cr(CoO3)2,BAT_01358.pt,success,18,852
BAT_01359,CrCoO4,BAT_01359.pt,success,12,560
BAT_01360,Cr3CoO8,BAT_01360.pt,success,24,1044
BAT_01361,Cr3CoO8,BAT_01361.pt,success,12,528
BAT_01362,Cr3(CoO6)2,BAT_01362.pt,success,68,2380
BAT_01363,Cr3Co5O16,BAT_01363.pt,success,24,1270
BAT_01364,CrCo3O8,BAT_01364.pt,success,24,1304
BAT_01365,Cr3Co(PO4)6,BAT_01365.pt,success,34,1318
BAT_01366,Cr3Co(PO4)4,BAT_01366.pt,success,24,1078
BAT_01367,CrCo3(PO4)4,BAT_01367.pt,success,24,1046
BAT_01368,CrCo(PO4)2,BAT_01368.pt,success,24,1056
BAT_01369,Cr3Co3(TeO8)2,BAT_01369.pt,success,24,1146
BAT_01370,Mn3Co3(CuO8)2,BAT_01370.pt,success,24,1300
BAT_01371,Mn3CoCu2(PO4)6,BAT_01371.pt,success,36,1518
BAT_01372,CoCuO4,BAT_01372.pt,success,12,588
BAT_01373,Cr3Co3(SbO8)2,BAT_01373.pt,success,24,1178
BAT_01374,Co2Cu3O10,BAT_01374.pt,success,15,692
BAT_01375,Co3CuO8,BAT_01375.pt,success,12,584
BAT_01376,Co2CuO6,BAT_01376.pt,success,9,442
BAT_01377,CoCu3(PO4)4,BAT_01377.pt,success,24,864
BAT_01378,CoCu(PO4)2,BAT_01378.pt,success,24,960
BAT_01379,CoF3,BAT_01379.pt,success,12,508
BAT_01381,Co3Cu3(TeO8)2,BAT_01381.pt,success,24,1166
BAT_01383,K2CoF6,BAT_01383.pt,success,9,268
BAT_01385,CoPO4F,BAT_01385.pt,success,56,2084
BAT_01386,CoPO4F,BAT_01386.pt,success,56,2036
BAT_01387,Rb2CoF6,BAT_01387.pt,success,9,172
BAT_01388,CoPO4F,BAT_01388.pt,success,14,540
BAT_01389,Mn3Fe3(CoO8)2,BAT_01389.pt,success,24,1124
BAT_01390,Mn3Fe2Co3O16,BAT_01390.pt,success,24,1280
BAT_01391,Mn2Fe3Co3O16,BAT_01391.pt,success,24,1228
BAT_01392,MnFeCo(PO4)3,BAT_01392.pt,success,72,2964
BAT_01393,MnFeCo(PO4)3,BAT_01393.pt,success,72,2946
BAT_01394,MnFeCo(PO4)3,BAT_01394.pt,success,72,2948
BAT_01395,MnFeCo(PO4)3,BAT_01395.pt,success,72,2974
BAT_01397,MnFeCo(PO4)3,BAT_01397.pt,success,72,2952
BAT_01398,MnFeCo(PO4)3,BAT_01398.pt,success,72,2976
BAT_01399,MnFeCo(PO4)3,BAT_01399.pt,success,72,2952
BAT_01400,MnFeCo(PO4)3,BAT_01400.pt,success,72,2946
BAT_01401,MnFeCo(PO4)3,BAT_01401.pt,success,72,2956
BAT_01402,MnFeCo(PO4)3,BAT_01402.pt,success,72,2950
BAT_01404,MnFeCo(PO4)3,BAT_01404.pt,success,72,2950
BAT_01405,MnFeCo(PO4)3,BAT_01405.pt,success,72,2954
BAT_01406,MnFeCo(PO4)3,BAT_01406.pt,success,72,2944
BAT_01408,MnFeCo(PO4)3,BAT_01408.pt,success,72,2942
BAT_01409,Fe2Co3Ni3O16,BAT_01409.pt,success,24,1164
BAT_01410,Fe3Co3(NiO8)2,BAT_01410.pt,success,24,1088
BAT_01411,Fe3Co2Ni3O16,BAT_01411.pt,success,24,1124
BAT_01412,Fe3Co5O16,BAT_01412.pt,success,24,1114
BAT_01413,Fe3CoO8,BAT_01413.pt,success,12,508
BAT_01415,FeCo3O8,BAT_01415.pt,success,12,532
BAT_01416,FeCoO4,BAT_01416.pt,success,6,268
BAT_01417,FeCo3O8,BAT_01417.pt,success,24,1304
BAT_01418,Fe2Co3O10,BAT_01418.pt,success,30,1418
BAT_01419,Fe(CoO3)2,BAT_01419.pt,success,18,816
BAT_01420,Fe3CoO8,BAT_01420.pt,success,12,504
BAT_01421,FeCo9O20,BAT_01421.pt,success,30,1476
BAT_01422,FeCoO4,BAT_01422.pt,success,12,544
BAT_01423,Fe(CoO3)2,BAT_01423.pt,success,9,418
BAT_01424,Fe2CoO6,BAT_01424.pt,success,9,420
BAT_01425,FeCo5O12,BAT_01425.pt,success,18,868
BAT_01426,FeCo3O8,BAT_01426.pt,success,48,2464
BAT_01427,FeCo3O8,BAT_01427.pt,success,12,614
BAT_01428,Fe3Co5O16,BAT_01428.pt,success,24,1304
BAT_01429,Fe5Co3O16,BAT_01429.pt,success,24,1288
BAT_01430,Fe3Co7O20,BAT_01430.pt,success,30,1406
BAT_01431,Fe9CoO20,BAT_01431.pt,success,30,1302
BAT_01432,Fe5(CoO6)2,BAT_01432.pt,success,19,838
BAT_01433,Fe3Co(PO4)4,BAT_01433.pt,success,24,988
BAT_01434,FeCo3(PO4)4,BAT_01434.pt,success,24,1004
BAT_01437,Fe2Co3Sb3O16,BAT_01437.pt,success,24,1084
BAT_01438,Fe3Co3(SbO8)2,BAT_01438.pt,success,24,1100
BAT_01439,Ti2Fe3Co3O16,BAT_01439.pt,success,24,1024
BAT_01440,Fe3Co3(TeO8)2,BAT_01440.pt,success,24,1080
BAT_01441,CoGeO4,BAT_01441.pt,success,12,376
BAT_01442,CoGeO4,BAT_01442.pt,success,12,380
BAT_01443,CoPHO5,BAT_01443.pt,success,32,1524
BAT_01444,CoH8(SO6)2,BAT_01444.pt,success,46,2048
BAT_01447,K2CoO4,BAT_01447.pt,success,28,724
BAT_01449,MgCo3O8,BAT_01449.pt,success,24,1160
BAT_01450,MgCo13O28,BAT_01450.pt,success,42,1992
BAT_01453,Mn3CoO8,BAT_01453.pt,success,24,1038
BAT_01454,Mn3Co2Ni3O16,BAT_01454.pt,success,24,1170
BAT_01455,Mn3Nb2Co3O16,BAT_01455.pt,success,24,1194
BAT_01456,Mn2CoO6,BAT_01456.pt,success,9,408
BAT_01457,MnCoO4,BAT_01457.pt,success,12,616
BAT_01458,MnCo3O8,BAT_01458.pt,success,24,1092
BAT_01459,MnCo3O8,BAT_01459.pt,success,24,1088
BAT_01460,Mn2CoO6,BAT_01460.pt,success,18,804
BAT_01461,MnCo3O8,BAT_01461.pt,success,12,652
BAT_01462,Mn2CoO8,BAT_01462.pt,success,11,472
BAT_01463,MnCoO4,BAT_01463.pt,success,6,288
BAT_01464,Mn2Co5O12,BAT_01464.pt,success,19,1092
BAT_01465,Mn3CoO8,BAT_01465.pt,success,24,1220
BAT_01466,MnCo3O8,BAT_01466.pt,success,12,664
BAT_01467,MnCo5O12,BAT_01467.pt,success,18,912
BAT_01468,Mn3CoO8,BAT_01468.pt,success,12,544
BAT_01469,Mn3Co5O16,BAT_01469.pt,success,24,1332
BAT_01470,Mn3CoO8,BAT_01470.pt,success,48,2080
BAT_01471,Mn(CoO3)2,BAT_01471.pt,success,9,440
BAT_01472,Mn5CoO12,BAT_01472.pt,success,18,780
BAT_01473,Mn4CoO8,BAT_01473.pt,success,13,584
BAT_01474,MnCoO4,BAT_01474.pt,success,12,520
BAT_01475,Mn(CoO3)2,BAT_01475.pt,success,18,888
BAT_01476,Mn(CoO2)4,BAT_01476.pt,success,13,728
BAT_01477,Mn5Co3O16,BAT_01477.pt,success,24,1308
BAT_01478,MnCo3O8,BAT_01478.pt,success,24,1328
BAT_01479,MnCo3O8,BAT_01479.pt,success,48,2656
BAT_01480,Mn3CoO8,BAT_01480.pt,success,12,580
BAT_01481,Mn2Co3O10,BAT_01481.pt,success,30,1440
BAT_01482,MnCo(PO4)2,BAT_01482.pt,success,24,980
BAT_01483,MnCo3(PO4)4,BAT_01483.pt,success,24,1004
BAT_01484,Mn3Co(PO4)6,BAT_01484.pt,success,34,1414
BAT_01486,Mn2Co(PO4)3,BAT_01486.pt,success,36,1488
BAT_01487,Mn7Co(PO4)12,BAT_01487.pt,success,68,2830
BAT_01488,Mn5Co(PO4)6,BAT_01488.pt,success,36,1512
BAT_01489,Mn3Co3(SbO8)2,BAT_01489.pt,success,24,1122
BAT_01490,Mn3Co(PO4)4,BAT_01490.pt,success,24,984
BAT_01491,Mn3Co3(SnO8)2,BAT_01491.pt,success,24,1182
BAT_01492,Mn2Co3Te3O16,BAT_01492.pt,success,24,1030
BAT_01493,Ti3Mn2Co3O16,BAT_01493.pt,success,24,1196
BAT_01494,Mn3Co2Te3O16,BAT_01494.pt,success,24,994
BAT_01495,Mn3Co3(TeO8)2,BAT_01495.pt,success,24,1062
BAT_01497,Mn3V2Co3O16,BAT_01497.pt,success,24,1294
BAT_01498,MnV4CoO12,BAT_01498.pt,success,18,656
BAT_01499,Na2CoO4,BAT_01499.pt,success,28,826
BAT_01500,NbCo3O8,BAT_01500.pt,success,24,1264
BAT_01501,NbCo3(PO4)6,BAT_01501.pt,success,34,1222
BAT_01502,Co3NiO8,BAT_01502.pt,success,24,1328
BAT_01503,Co3NiO8,BAT_01503.pt,success,24,1176
BAT_01504,Co2NiO6,BAT_01504.pt,success,18,888
BAT_01505,CoNiO4,BAT_01505.pt,success,18,852
BAT_01506,CoNiO4,BAT_01506.pt,success,12,664
BAT_01507,Co2Ni3O10,BAT_01507.pt,success,15,760
BAT_01508,Co3NiO8,BAT_01508.pt,success,24,1184
BAT_01509,Co3NiO8,BAT_01509.pt,success,24,1150
BAT_01510,CoNi3O8,BAT_01510.pt,success,12,572
BAT_01511,Co4NiO8,BAT_01511.pt,success,13,712
BAT_01512,Co2Ni3O10,BAT_01512.pt,success,30,1418
BAT_01513,CoNi9O20,BAT_01513.pt,success,60,2826
BAT_01514,Co5NiO12,BAT_01514.pt,success,18,888
BAT_01515,Co3Ni5O16,BAT_01515.pt,success,24,1268
BAT_01516,Co(NiO3)2,BAT_01516.pt,success,18,880
BAT_01517,Co(NiO2)4,BAT_01517.pt,success,13,708
BAT_01518,CoNi9O20,BAT_01518.pt,success,30,1450
BAT_01519,Co5Ni3O16,BAT_01519.pt,success,24,1304
BAT_01520,Co3NiO8,BAT_01520.pt,success,24,1376
BAT_01521,CoNi(PO4)2,BAT_01521.pt,success,24,1064
BAT_01522,Co3Ni(PO4)4,BAT_01522.pt,success,24,1032
BAT_01523,Ti3Co3(NiO8)2,BAT_01523.pt,success,24,1084
BAT_01524,Co3Ni3(TeO8)2,BAT_01524.pt,success,24,1170
BAT_01525,CoO2,BAT_01525.pt,success,6,296
BAT_01526,CoO2,BAT_01526.pt,success,12,536
BAT_01527,CoO3,BAT_01527.pt,success,8,206
BAT_01528,CoO2,BAT_01528.pt,success,15,456
BAT_01529,CoO2,BAT_01529.pt,success,12,520
BAT_01530,CoO3,BAT_01530.pt,success,16,480
BAT_01531,CoO2,BAT_01531.pt,success,6,256
BAT_01532,CoO3,BAT_01532.pt,success,8,186
BAT_01533,CoO2,BAT_01533.pt,success,12,632
BAT_01534,CoO4,BAT_01534.pt,success,10,250
BAT_01535,Co15O28,BAT_01535.pt,success,43,2202
BAT_01536,CoO2,BAT_01536.pt,success,24,1352
BAT_01537,Co7O12,BAT_01537.pt,success,19,1084
BAT_01538,CoO4,BAT_01538.pt,success,40,988
BAT_01540,Co13O28,BAT_01540.pt,success,41,1966
BAT_01541,CoO2,BAT_01541.pt,success,12,664
BAT_01542,Co21O40,BAT_01542.pt,success,61,3392
BAT_01543,CoO4,BAT_01543.pt,success,40,960
BAT_01544,CoO4,BAT_01544.pt,success,20,488
BAT_01546,Co5O12,BAT_01546.pt,success,34,1588
BAT_01548,Co2(PO3)5,BAT_01548.pt,success,44,1792
BAT_01549,Co3(P2O7)2,BAT_01549.pt,success,21,898
BAT_01550,CoP2O7,BAT_01550.pt,success,40,1516
BAT_01551,Co2P5O16,BAT_01551.pt,success,46,1908
BAT_01552,Co(PO3)4,BAT_01552.pt,success,17,624
BAT_01553,Co2(PO4)3,BAT_01553.pt,success,68,2664
BAT_01554,Co3(PO4)4,BAT_01554.pt,success,23,872
BAT_01555,Co(PO3)4,BAT_01555.pt,success,34,1012
BAT_01556,CoP2O7,BAT_01556.pt,success,40,1776
BAT_01557,CoP2O7,BAT_01557.pt,success,40,1752
BAT_01558,CoPO4,BAT_01558.pt,success,24,776
BAT_01559,CoP2O7,BAT_01559.pt,success,40,1328
BAT_01560,CoPO4,BAT_01560.pt,success,24,760
BAT_01561,CoPO4,BAT_01561.pt,success,24,1000
BAT_01563,CoPO4,BAT_01563.pt,success,36,1564
BAT_01564,Co3(PO4)4,BAT_01564.pt,success,46,1992
BAT_01565,CoPO4,BAT_01565.pt,success,72,2000
BAT_01566,Co5(P2O7)4,BAT_01566.pt,success,82,3144
BAT_01567,Co2P3O10,BAT_01567.pt,success,30,976
BAT_01568,Co(PO4)2,BAT_01568.pt,success,44,1268
BAT_01569,CoPO4,BAT_01569.pt,success,24,752
BAT_01571,Co(PO3)3,BAT_01571.pt,success,52,2416
BAT_01572,CoP2O7,BAT_01572.pt,success,20,760
BAT_01573,CoP2O7,BAT_01573.pt,success,40,1352
BAT_01574,Co(PO3)4,BAT_01574.pt,success,34,1172
BAT_01577,CoPO4,BAT_01577.pt,success,36,1212
BAT_01578,Co3(P2O7)2,BAT_01578.pt,success,42,1724
BAT_01579,Co3P8O29,BAT_01579.pt,success,80,2826
BAT_01580,CoPO4,BAT_01580.pt,success,24,824
BAT_01581,CoPO4,BAT_01581.pt,success,24,768
BAT_01582,CoP2O7,BAT_01582.pt,success,20,730
BAT_01583,CoP2O7,BAT_01583.pt,success,10,426
BAT_01585,CoP2O7,BAT_01585.pt,success,20,652
BAT_01586,CoPO4,BAT_01586.pt,success,24,1152
BAT_01587,CoP2O7,BAT_01587.pt,success,20,764
BAT_01588,CoP2O7,BAT_01588.pt,success,40,1500
BAT_01590,Co(PO3)4,BAT_01590.pt,success,68,2824
BAT_01591,Co(PO3)3,BAT_01591.pt,success,26,1074
BAT_01592,CoPO4,BAT_01592.pt,success,24,802
BAT_01593,Co3P3O11,BAT_01593.pt,success,68,2812
BAT_01594,CoP2O7,BAT_01594.pt,success,40,1402
BAT_01595,Co2P3O10,BAT_01595.pt,success,30,1360
BAT_01596,CoP2O7,BAT_01596.pt,success,20,776
BAT_01597,Co9(P2O7)8,BAT_01597.pt,success,81,3090
BAT_01598,CoP2O7,BAT_01598.pt,success,40,1788
BAT_01599,Co3(PO4)4,BAT_01599.pt,success,46,2028
BAT_01600,Co5(P3O11)2,BAT_01600.pt,success,66,2592
BAT_01601,Co(PO3)4,BAT_01601.pt,success,34,1168
BAT_01602,Co3(PO4)4,BAT_01602.pt,success,46,1776
BAT_01605,CoPO4,BAT_01605.pt,success,24,716
BAT_01606,CoPO4,BAT_01606.pt,success,48,1464
BAT_01607,CoP2O7,BAT_01607.pt,success,40,1440
BAT_01608,CoPO4,BAT_01608.pt,success,72,1960
BAT_01609,Co(PO3)3,BAT_01609.pt,success,52,1568
BAT_01610,Co5(P2O7)4,BAT_01610.pt,success,41,1674
BAT_01611,Co2(PO4)3,BAT_01611.pt,success,34,1468
BAT_01612,CoPO4,BAT_01612.pt,success,144,4188
BAT_01613,CoPO4,BAT_01613.pt,success,48,1872
BAT_01614,CoPO4,BAT_01614.pt,success,48,1432
BAT_01615,Co3P4O15,BAT_01615.pt,success,88,3336
BAT_01616,CoPO4,BAT_01616.pt,success,12,320
BAT_01617,CoPO4,BAT_01617.pt,success,24,1080
BAT_01618,Co3Sn(PO4)4,BAT_01618.pt,success,24,984
BAT_01619,Co3Sb(PO4)6,BAT_01619.pt,success,34,1360
BAT_01620,CoSn(PO4)2,BAT_01620.pt,success,48,1882
BAT_01621,VCo3(PO4)4,BAT_01621.pt,success,24,1016
BAT_01622,VCo3(PO4)6,BAT_01622.pt,success,34,1318
BAT_01623,V3Co(PO4)4,BAT_01623.pt,success,24,982
BAT_01625,Co2(SO4)3,BAT_01625.pt,success,68,2888
BAT_01627,Co(SO4)2,BAT_01627.pt,success,33,1244
BAT_01628,Co(SO4)2,BAT_01628.pt,success,33,1292
BAT_01629,Co5SbO12,BAT_01629.pt,success,18,780
BAT_01630,Co3SbO8,BAT_01630.pt,success,12,544
BAT_01632,CoSbO4,BAT_01632.pt,success,12,496
BAT_01633,Co3SbO8,BAT_01633.pt,success,24,1268
BAT_01634,CoSiO4,BAT_01634.pt,success,12,376
BAT_01635,Co(SiO3)2,BAT_01635.pt,success,18,844
BAT_01636,Co(SiO3)2,BAT_01636.pt,success,18,584
BAT_01637,Ti3Co3(SbO8)2,BAT_01637.pt,success,24,1134
BAT_01638,Co3(SeO3)4,BAT_01638.pt,success,38,1420
BAT_01639,CoSiO4,BAT_01639.pt,success,12,392
BAT_01640,CoSiO4,BAT_01640.pt,success,24,760
BAT_01641,CoSiO4,BAT_01641.pt,success,12,388
BAT_01642,CoSiO4,BAT_01642.pt,success,48,1584
BAT_01643,CoSiO4,BAT_01643.pt,success,12,386
BAT_01644,CoSiO4,BAT_01644.pt,success,24,664
BAT_01645,CoSiO5,BAT_01645.pt,success,28,908
BAT_01646,CoSiO4,BAT_01646.pt,success,24,776
BAT_01647,CoSiO4,BAT_01647.pt,success,24,736
BAT_01648,Co2Si3O10,BAT_01648.pt,success,30,1012
BAT_01649,CoSiO4,BAT_01649.pt,success,24,776
BAT_01650,CoSiO4,BAT_01650.pt,success,24,760
BAT_01651,CoSiO4,BAT_01651.pt,success,24,784
BAT_01652,Co3(SiO4)2,BAT_01652.pt,success,39,1330
BAT_01653,Co3SnO8,BAT_01653.pt,success,24,1244
BAT_01654,CoSnO4,BAT_01654.pt,success,12,424
BAT_01655,Co3TeO8,BAT_01655.pt,success,12,604
BAT_01656,Co3TeO8,BAT_01656.pt,success,24,1280
BAT_01657,Co5Te3O16,BAT_01657.pt,success,24,1088
BAT_01658,Co3TeO8,BAT_01658.pt,success,12,508
BAT_01659,Co4TeO8,BAT_01659.pt,success,13,552
BAT_01660,TiCo3O8,BAT_01660.pt,success,24,1108
BAT_01661,Ti2Co3O10,BAT_01661.pt,success,15,714
BAT_01662,Ti3Co3(TeO8)2,BAT_01662.pt,success,24,1046
BAT_01663,V3Co3(TeO8)2,BAT_01663.pt,success,24,974
BAT_01664,Ti(CoO3)2,BAT_01664.pt,success,9,418
BAT_01665,TiCo5O12,BAT_01665.pt,success,36,1768
BAT_01666,TiCoO4,BAT_01666.pt,success,12,496
BAT_01667,Ti6Co3O16,BAT_01667.pt,success,50,2172
BAT_01668,TiCo3O8,BAT_01668.pt,success,24,1304
BAT_01669,V3CoO10,BAT_01669.pt,success,14,464
BAT_01670,VCoO4,BAT_01670.pt,success,24,1088
BAT_01671,V3CoO8,BAT_01671.pt,success,12,534
BAT_01673,VCoO4,BAT_01673.pt,success,12,592
BAT_01674,VCoO4,BAT_01674.pt,success,12,512
BAT_01675,V3CoO8,BAT_01675.pt,success,12,516
BAT_01676,VCo3O8,BAT_01676.pt,success,24,1304
BAT_01677,VCoO4,BAT_01677.pt,success,12,596
BAT_01679,V5CoO12,BAT_01679.pt,success,18,658
BAT_01680,V3(CoO6)2,BAT_01680.pt,success,68,2508
BAT_01681,V3CoO8,BAT_01681.pt,success,48,2084
BAT_01682,V2CoO6,BAT_01682.pt,success,18,776
BAT_01683,Co3WO8,BAT_01683.pt,success,24,1112
BAT_01684,Co(WO4)2,BAT_01684.pt,success,11,438
BAT_01687,CoS2,BAT_01687.pt,success,12,280
BAT_01689,Cr3CuO8,BAT_01689.pt,success,12,520
BAT_01690,Cr3(CuO6)2,BAT_01690.pt,success,68,2484
BAT_01691,CrFe3Cu2(PO4)6,BAT_01691.pt,success,36,1434
BAT_01692,Cr3(CuO6)2,BAT_01692.pt,success,68,2520
BAT_01693,Cr3Cu(PO4)4,BAT_01693.pt,success,24,1052
BAT_01695,V4CrCuO12,BAT_01695.pt,success,18,668
BAT_01697,CrF6,BAT_01697.pt,success,14,480
BAT_01699,CrF4,BAT_01699.pt,success,40,1412
BAT_01703,NaCrF6,BAT_01703.pt,success,8,252
BAT_01704,CrP2(O4F)2,BAT_01704.pt,success,39,1338
BAT_01705,CrPO4F,BAT_01705.pt,success,14,566
BAT_01706,CrPO4F,BAT_01706.pt,success,56,1792
BAT_01707,CrPO4F,BAT_01707.pt,success,56,2092
BAT_01709,VCrP2(O4F)2,BAT_01709.pt,success,28,1088
BAT_01711,Mn3Cr2Fe3O16,BAT_01711.pt,success,24,1036
BAT_01712,Mn3Cr3(FeO8)2,BAT_01712.pt,success,24,1030
BAT_01713,MnCr2Fe3(PO4)6,BAT_01713.pt,success,36,1446
BAT_01714,Cr12Fe7O48,BAT_01714.pt,success,67,2508
BAT_01715,CrFe3O8,BAT_01715.pt,success,12,496
BAT_01716,CrFe3O8,BAT_01716.pt,success,24,1012
BAT_01717,CrFeO4,BAT_01717.pt,success,18,744
BAT_01718,CrFe3O8,BAT_01718.pt,success,24,986
BAT_01719,Cr2FeO6,BAT_01719.pt,success,27,1144
BAT_01720,CrFeO4,BAT_01720.pt,success,12,496
BAT_01721,Cr3FeO8,BAT_01721.pt,success,24,982
BAT_01722,Cr2Fe5O12,BAT_01722.pt,success,19,828
BAT_01723,Cr(FeO3)2,BAT_01723.pt,success,27,1118
BAT_01724,Cr3FeO8,BAT_01724.pt,success,12,504
BAT_01725,Cr3FeO8,BAT_01725.pt,success,12,520
BAT_01726,Cr3(FeO6)2,BAT_01726.pt,success,68,2416
BAT_01727,Cr3FeO8,BAT_01727.pt,success,48,2016
BAT_01728,Cr3(FeO4)2,BAT_01728.pt,success,13,570
BAT_01729,Cr2Fe3O10,BAT_01729.pt,success,15,618
BAT_01730,Cr10Fe5O24,BAT_01730.pt,success,39,1728
BAT_01731,CrFe(PO4)2,BAT_01731.pt,success,24,1000
BAT_01732,Cr3Fe(PO4)6,BAT_01732.pt,success,34,1264
BAT_01734,Cr3GaO8,BAT_01734.pt,success,24,996
BAT_01736,Cr3Fe2Sb3O16,BAT_01736.pt,success,24,1026
BAT_01737,Cr3Fe3(TeO8)2,BAT_01737.pt,success,24,1078
BAT_01738,Cr(GeO3)2,BAT_01738.pt,success,18,716
BAT_01739,Cr2(GeO4)3,BAT_01739.pt,success,68,2400
BAT_01741,VCrP2(HO5)2,BAT_01741.pt,success,32,1420
BAT_01743,CrPHO5,BAT_01743.pt,success,16,740
BAT_01744,Cr2P4H3O16,BAT_01744.pt,success,25,1126
BAT_01751,MgCr3(SO4)6,BAT_01751.pt,success,34,1408
BAT_01754,MgCr3(SO4)6,BAT_01754.pt,success,34,1372
BAT_01756,Mn3Nb2Cr3O16,BAT_01756.pt,success,24,1056
BAT_01757,MgCr3Se3(SO8)3,BAT_01757.pt,success,34,1264
BAT_01758,Mn3CrO8,BAT_01758.pt,success,12,520
BAT_01759,Mn3NbCr2(PO4)6,BAT_01759.pt,success,36,1404
BAT_01760,Mn2CrNi3(PO4)6,BAT_01760.pt,success,36,1464
BAT_01761,Mn3Cr3(NiO8)2,BAT_01761.pt,success,24,1040
BAT_01762,Mn3Cr2O10,BAT_01762.pt,success,15,636
BAT_01763,Mn3CrO8,BAT_01763.pt,success,24,1220
BAT_01765,MnCr3O8,BAT_01765.pt,success,12,520
BAT_01766,Mn2CrO6,BAT_01766.pt,success,18,780
BAT_01767,Mn5Cr3O16,BAT_01767.pt,success,24,1140
BAT_01768,Mn4CrO8,BAT_01768.pt,success,13,532
BAT_01769,MnCr3O8,BAT_01769.pt,success,12,512
BAT_01771,MnCr3O8,BAT_01771.pt,success,48,1984
BAT_01772,Mn2Cr3O12,BAT_01772.pt,success,68,2424
BAT_01774,FePO4F,BAT_01774.pt,success,14,540
BAT_01775,VFeP2(O4F)2,BAT_01775.pt,success,28,1084
BAT_01779,K2MnF6,BAT_01779.pt,success,9,268
BAT_01780,VH2OF5,BAT_01780.pt,success,18,680
BAT_01782,K2NiF6,BAT_01782.pt,success,9,268
BAT_01783,MnF3,BAT_01783.pt,success,24,1098
BAT_01784,MnF6,BAT_01784.pt,success,14,488
BAT_01785,MnF8,BAT_01785.pt,success,9,256
BAT_01786,MnF4,BAT_01786.pt,success,20,672
BAT_01787,MnF3,BAT_01787.pt,success,16,612
BAT_01788,Mn2F7,BAT_01788.pt,success,36,1272
BAT_01790,MnF7,BAT_01790.pt,success,8,224
BAT_01791,MnF5,BAT_01791.pt,success,24,784
BAT_01793,MnF3,BAT_01793.pt,success,8,250
BAT_01794,Mn7F16,BAT_01794.pt,success,23,824
BAT_01795,MnF7,BAT_01795.pt,success,16,458
BAT_01796,MnF5,BAT_01796.pt,success,24,648
BAT_01797,Mn7F18,BAT_01797.pt,success,25,772
BAT_01798,MnF3,BAT_01798.pt,success,8,280
BAT_01799,Mn3F8,BAT_01799.pt,success,22,672
BAT_01800,MnF3,BAT_01800.pt,success,24,1164
BAT_01801,Mn2F7,BAT_01801.pt,success,36,1252
BAT_01802,MnF6,BAT_01802.pt,success,7,228
BAT_01803,Mn2F7,BAT_01803.pt,success,72,2604
BAT_01804,MnF5,BAT_01804.pt,success,12,382
BAT_01805,MnF8,BAT_01805.pt,success,9,300
BAT_01806,MnF4,BAT_01806.pt,success,10,360
BAT_01807,MnF3,BAT_01807.pt,success,16,576
BAT_01809,MnF6,BAT_01809.pt,success,7,308
BAT_01810,Mn2F5,BAT_01810.pt,success,14,448
BAT_01811,MnF6,BAT_01811.pt,success,42,1378
BAT_01812,MnF4,BAT_01812.pt,success,10,308
BAT_01814,Mn2F5,BAT_01814.pt,success,14,620
BAT_01815,MnF6,BAT_01815.pt,success,21,828
BAT_01816,Mn2F9,BAT_01816.pt,success,22,634
BAT_01817,MnF6,BAT_01817.pt,success,14,492
BAT_01818,Mn2F7,BAT_01818.pt,success,18,628
BAT_01819,Mn3F10,BAT_01819.pt,success,26,846
BAT_01820,Mn2F7,BAT_01820.pt,success,18,608
BAT_01821,MnF3,BAT_01821.pt,success,40,1424
BAT_01822,Mn7O7F,BAT_01822.pt,success,15,566
BAT_01823,Mn5OF11,BAT_01823.pt,success,17,570
BAT_01824,Mn5O9F,BAT_01824.pt,success,15,638
BAT_01825,Mn2O3F,BAT_01825.pt,success,24,992
BAT_01827,Mn5O3F5,BAT_01827.pt,success,13,444
BAT_01828,Mn4OF8,BAT_01828.pt,success,26,792
BAT_01829,Mn5OF11,BAT_01829.pt,success,17,530
BAT_01830,Mn2OF3,BAT_01830.pt,success,12,456
BAT_01831,Mn5OF11,BAT_01831.pt,success,17,606
BAT_01832,Mn2OF3,BAT_01832.pt,success,24,848
BAT_01833,Mn5O3F5,BAT_01833.pt,success,26,820
BAT_01834,Mn3(OF3)2,BAT_01834.pt,success,22,972
BAT_01836,Mn5O5F,BAT_01836.pt,success,11,414
BAT_01837,Mn3(OF3)2,BAT_01837.pt,success,11,364
BAT_01839,MnOF4,BAT_01839.pt,success,12,372
BAT_01840,Mn2O2F3,BAT_01840.pt,success,14,576
BAT_01841,Mn2OF3,BAT_01841.pt,success,24,880
BAT_01842,Mn5O7F,BAT_01842.pt,success,13,504
BAT_01843,Mn3O5F3,BAT_01843.pt,success,11,410
BAT_01844,Mn3OF8,BAT_01844.pt,success,48,1780
BAT_01846,Mn3OF6,BAT_01846.pt,success,20,724
BAT_01847,MnOF3,BAT_01847.pt,success,20,622
BAT_01848,Mn3OF6,BAT_01848.pt,success,40,1600
BAT_01850,Mn(O2F)2,BAT_01850.pt,success,14,312
BAT_01852,MnPO4F,BAT_01852.pt,success,56,2328
BAT_01854,MnVP2(O4F)2,BAT_01854.pt,success,28,1076
BAT_01855,MnPO4F,BAT_01855.pt,success,14,572
BAT_01856,Mn2P2O7F2,BAT_01856.pt,success,52,1600
BAT_01857,MnPO4F,BAT_01857.pt,success,56,1996
BAT_01858,Rb2MnF6,BAT_01858.pt,success,9,166
BAT_01865,NiPO4F,BAT_01865.pt,success,56,1996
BAT_01866,Ni(O2F)2,BAT_01866.pt,success,14,332
BAT_01867,NiPO4F,BAT_01867.pt,success,14,566
BAT_01868,Rb2NiF6,BAT_01868.pt,success,9,268
BAT_01871,VPO4F,BAT_01871.pt,success,28,1080
BAT_01872,VP2(O4F)2,BAT_01872.pt,success,52,1732
BAT_01875,VPO4F,BAT_01875.pt,success,14,556
BAT_01876,VSO4F3,BAT_01876.pt,success,36,984
BAT_01877,V4OF11,BAT_01877.pt,success,16,578
BAT_01879,V2OF5,BAT_01879.pt,success,16,576
BAT_01881,V4(OF3)3,BAT_01881.pt,success,16,584
BAT_01882,V(OF)2,BAT_01882.pt,success,10,364
BAT_01883,V2(OF)3,BAT_01883.pt,success,8,298
BAT_01884,V3OF11,BAT_01884.pt,success,15,472
BAT_01885,V3O5F,BAT_01885.pt,success,9,396
BAT_01886,V2O2F3,BAT_01886.pt,success,14,524
BAT_01887,V2O2F3,BAT_01887.pt,success,14,564
BAT_01889,VOF5,BAT_01889.pt,success,7,228
BAT_01890,V2OF6,BAT_01890.pt,success,18,570
BAT_01892,V2O3F,BAT_01892.pt,success,24,1040
BAT_01893,V3(O2F)2,BAT_01893.pt,success,9,362
BAT_01894,VO3F2,BAT_01894.pt,success,12,394
BAT_01895,V2OF7,BAT_01895.pt,success,10,306
BAT_01896,V2OF5,BAT_01896.pt,success,24,1146
BAT_01897,VOF3,BAT_01897.pt,success,20,560
BAT_01898,V3(OF3)2,BAT_01898.pt,success,22,890
BAT_01899,V(OF)2,BAT_01899.pt,success,20,744
BAT_01900,V4O5F7,BAT_01900.pt,success,16,604
BAT_01901,V4(OF3)3,BAT_01901.pt,success,16,592
BAT_01902,VO3F2,BAT_01902.pt,success,6,166
BAT_01903,VOF3,BAT_01903.pt,success,20,744
BAT_01904,V2OF5,BAT_01904.pt,success,24,868
BAT_01905,VOF3,BAT_01905.pt,success,20,608
BAT_01908,V3O3F5,BAT_01908.pt,success,22,796
BAT_01909,V2OF5,BAT_01909.pt,success,16,620
BAT_01910,V6O7F5,BAT_01910.pt,success,18,746
BAT_01911,V3OF11,BAT_01911.pt,success,15,520
BAT_01913,VO2F,BAT_01913.pt,success,32,1126
BAT_01914,V2OF5,BAT_01914.pt,success,24,878
BAT_01915,V4OF11,BAT_01915.pt,success,16,582
BAT_01917,VO2F,BAT_01917.pt,success,16,528
BAT_01918,V6O7F5,BAT_01918.pt,success,18,844
BAT_01919,V4O5F7,BAT_01919.pt,success,16,604
BAT_01920,V3(OF)4,BAT_01920.pt,success,11,460
BAT_01921,V6O5F19,BAT_01921.pt,success,30,1020
BAT_01922,V(OF)2,BAT_01922.pt,success,20,696
BAT_01923,V2OF5,BAT_01923.pt,success,24,868
BAT_01924,V4(OF3)3,BAT_01924.pt,success,16,584
BAT_01925,VOF3,BAT_01925.pt,success,40,1280
BAT_01926,V4O5F7,BAT_01926.pt,success,16,614
BAT_01927,VOF4,BAT_01927.pt,success,24,696
BAT_01928,VOF3,BAT_01928.pt,success,10,362
BAT_01929,V3OF11,BAT_01929.pt,success,30,1032
BAT_01930,VO3F,BAT_01930.pt,success,20,720
BAT_01931,V6O5F19,BAT_01931.pt,success,30,1018
BAT_01933,VOF5,BAT_01933.pt,success,14,464
BAT_01934,V4OF11,BAT_01934.pt,success,32,1156
BAT_01936,V4OF11,BAT_01936.pt,success,32,1156
BAT_01937,V4OF11,BAT_01937.pt,success,32,1152
BAT_01938,V4O7F5,BAT_01938.pt,success,16,608
BAT_01939,V2OF5,BAT_01939.pt,success,24,870
BAT_01940,VO3F2,BAT_01940.pt,success,12,308
BAT_01941,V6O5F19,BAT_01941.pt,success,30,1018
BAT_01942,V2OF5,BAT_01942.pt,success,8,294
BAT_01943,V4O5F7,BAT_01943.pt,success,16,596
BAT_01944,VO3F,BAT_01944.pt,success,20,720
BAT_01945,V3OF11,BAT_01945.pt,success,30,1036
BAT_01946,VO3F,BAT_01946.pt,success,20,728
BAT_01948,V(OF)2,BAT_01948.pt,success,20,718
BAT_01949,V2OF5,BAT_01949.pt,success,32,1232
BAT_01950,V4O5F7,BAT_01950.pt,success,32,1192
BAT_01953,V2(OF)3,BAT_01953.pt,success,24,896
BAT_01954,V6O7F5,BAT_01954.pt,success,18,830
BAT_01955,V2OF5,BAT_01955.pt,success,32,1220
BAT_01956,V4OF11,BAT_01956.pt,success,16,578
BAT_01957,V2(OF)3,BAT_01957.pt,success,24,910
BAT_01958,V3(OF3)2,BAT_01958.pt,success,22,916
BAT_01959,V2(OF)3,BAT_01959.pt,success,24,910
BAT_01960,VOF3,BAT_01960.pt,success,20,660
BAT_01962,V4OF11,BAT_01962.pt,success,32,1158
BAT_01963,V4OF12,BAT_01963.pt,success,17,608
BAT_01965,V4O5F7,BAT_01965.pt,success,16,600
BAT_01966,V4OF11,BAT_01966.pt,success,32,1156
BAT_01967,V4(OF3)3,BAT_01967.pt,success,32,1172
BAT_01968,V2OF5,BAT_01968.pt,success,24,866
BAT_01969,VO2F,BAT_01969.pt,success,16,572
BAT_01970,V2OF5,BAT_01970.pt,success,24,1120
BAT_01971,V(OF)2,BAT_01971.pt,success,20,680
BAT_01972,V3OF11,BAT_01972.pt,success,30,1040
BAT_01973,V4OF11,BAT_01973.pt,success,32,1156
BAT_01974,V6O7F5,BAT_01974.pt,success,18,824
BAT_01975,VOF3,BAT_01975.pt,success,20,752
BAT_01976,V3OF11,BAT_01976.pt,success,30,1020
BAT_01977,V2OF5,BAT_01977.pt,success,16,580
BAT_01978,V3O5F3,BAT_01978.pt,success,22,952
BAT_01979,V4O5F7,BAT_01979.pt,success,16,600
BAT_01980,V4(OF3)3,BAT_01980.pt,success,32,1180
BAT_01982,V4OF11,BAT_01982.pt,success,32,1156
BAT_01983,V2OF5,BAT_01983.pt,success,32,1154
BAT_01984,V2OF5,BAT_01984.pt,success,32,1164
BAT_01985,VOF3,BAT_01985.pt,success,20,532
BAT_01986,V(OF)2,BAT_01986.pt,success,60,2096
BAT_01987,V3OF11,BAT_01987.pt,success,30,1036
BAT_01988,V4O5F7,BAT_01988.pt,success,16,600
BAT_01989,V2OF5,BAT_01989.pt,success,24,866
BAT_01990,V6O7F5,BAT_01990.pt,success,18,836
BAT_01991,V6O5F19,BAT_01991.pt,success,30,1016
BAT_01992,V3OF11,BAT_01992.pt,success,30,1030
BAT_01993,V3O5F3,BAT_01993.pt,success,22,936
BAT_01995,V2OF5,BAT_01995.pt,success,24,858
BAT_01996,V4(OF3)3,BAT_01996.pt,success,32,1174
BAT_01997,V3OF11,BAT_01997.pt,success,30,1028
BAT_01999,V3OF11,BAT_01999.pt,success,30,1036
BAT_02002,V3OF11,BAT_02002.pt,success,30,1036
BAT_02003,V4OF11,BAT_02003.pt,success,32,1156
BAT_02004,V3OF11,BAT_02004.pt,success,30,1004
BAT_02006,V4(OF3)3,BAT_02006.pt,success,16,586
BAT_02007,V4(OF3)3,BAT_02007.pt,success,32,1178
BAT_02008,V4OF11,BAT_02008.pt,success,32,1156
BAT_02009,V3OF11,BAT_02009.pt,success,30,1036
BAT_02010,V6O5F19,BAT_02010.pt,success,30,1034
BAT_02011,V4(OF3)3,BAT_02011.pt,success,32,1174
BAT_02012,V2OF5,BAT_02012.pt,success,32,1160
BAT_02013,V2OF7,BAT_02013.pt,success,20,556
BAT_02014,V4OF11,BAT_02014.pt,success,32,1156
BAT_02015,V2(OF)3,BAT_02015.pt,success,24,904
BAT_02016,V4OF11,BAT_02016.pt,success,32,1148
BAT_02017,VOF3,BAT_02017.pt,success,20,752
BAT_02018,V4(OF3)3,BAT_02018.pt,success,32,1176
BAT_02019,VO3F,BAT_02019.pt,success,10,366
BAT_02020,V2(OF)3,BAT_02020.pt,success,24,898
BAT_02022,V2OF5,BAT_02022.pt,success,24,1134
BAT_02025,VOF4,BAT_02025.pt,success,12,352
BAT_02026,V4O5F7,BAT_02026.pt,success,16,598
BAT_02028,V3OF11,BAT_02028.pt,success,30,1036
BAT_02029,V2OF5,BAT_02029.pt,success,32,1256
BAT_02030,V4(OF3)3,BAT_02030.pt,success,16,604
BAT_02031,V4O5F7,BAT_02031.pt,success,16,596
BAT_02033,Rb2VF6,BAT_02033.pt,success,9,220
BAT_02035,VF6,BAT_02035.pt,success,56,1706
BAT_02036,V3F10,BAT_02036.pt,success,26,932
BAT_02038,VF7,BAT_02038.pt,success,8,176
BAT_02039,VF6,BAT_02039.pt,success,7,206
BAT_02040,VF5,BAT_02040.pt,success,12,352
BAT_02042,VF5,BAT_02042.pt,success,12,412
BAT_02043,VF4,BAT_02043.pt,success,20,680
BAT_02044,VF5,BAT_02044.pt,success,24,704
BAT_02045,VF3,BAT_02045.pt,success,16,624
BAT_02046,V2F7,BAT_02046.pt,success,18,656
BAT_02047,VF5,BAT_02047.pt,success,24,784
BAT_02048,VF6,BAT_02048.pt,success,42,1208
BAT_02049,VF6,BAT_02049.pt,success,7,194
BAT_02050,V2F7,BAT_02050.pt,success,18,564
BAT_02051,VF8,BAT_02051.pt,success,9,244
BAT_02053,VF8,BAT_02053.pt,success,9,200
BAT_02054,VF6,BAT_02054.pt,success,14,448
BAT_02055,VF6,BAT_02055.pt,success,7,216
BAT_02056,VF4,BAT_02056.pt,success,5,164
BAT_02057,VF5,BAT_02057.pt,success,24,660
BAT_02058,VF6,BAT_02058.pt,success,14,432
BAT_02059,VF6,BAT_02059.pt,success,14,352
BAT_02060,VF5,BAT_02060.pt,success,48,1584
BAT_02061,VF3,BAT_02061.pt,success,8,288
BAT_02062,VF6,BAT_02062.pt,success,7,284
BAT_02063,VF6,BAT_02063.pt,success,14,432
BAT_02064,VF5,BAT_02064.pt,success,24,784
BAT_02066,VF5,BAT_02066.pt,success,24,824
BAT_02067,VF5,BAT_02067.pt,success,12,340
BAT_02068,VF5,BAT_02068.pt,success,12,344
BAT_02069,VF5,BAT_02069.pt,success,24,660
BAT_02070,VF4,BAT_02070.pt,success,20,624
BAT_02072,VF6,BAT_02072.pt,success,28,896
BAT_02075,V2F7,BAT_02075.pt,success,36,1084
BAT_02076,VF6,BAT_02076.pt,success,56,1348
BAT_02079,VF5,BAT_02079.pt,success,48,1576
BAT_02081,V2F7,BAT_02081.pt,success,36,1376
BAT_02082,VF5,BAT_02082.pt,success,48,1484
BAT_02083,V5F11,BAT_02083.pt,success,64,1952
BAT_02084,VF4,BAT_02084.pt,success,40,1296
BAT_02085,VF4,BAT_02085.pt,success,20,712
BAT_02086,VF6,BAT_02086.pt,success,28,600
BAT_02087,VF5,BAT_02087.pt,success,24,760
BAT_02088,VF5,BAT_02088.pt,success,48,1524
BAT_02089,V3F10,BAT_02089.pt,success,26,1004
BAT_02090,VF4,BAT_02090.pt,success,40,1232
BAT_02091,V2F7,BAT_02091.pt,success,18,532
BAT_02092,VF3,BAT_02092.pt,success,16,612
BAT_02095,Fe2P4H3O16,BAT_02095.pt,success,25,1112
BAT_02096,VFeP2(HO5)2,BAT_02096.pt,success,32,1380
BAT_02098,FePHO5,BAT_02098.pt,success,16,704
BAT_02100,VF6,BAT_02100.pt,success,14,420
BAT_02101,FeP2HO8,BAT_02101.pt,success,24,1036
BAT_02102,VF4,BAT_02102.pt,success,10,328
BAT_02103,Fe(GeO3)2,BAT_02103.pt,success,18,696
BAT_02104,K2FeO4,BAT_02104.pt,success,28,738
BAT_02105,FeH8(SO6)2,BAT_02105.pt,success,92,4224
BAT_02106,FeH12(SO7)2,BAT_02106.pt,success,58,2460
BAT_02107,La7(FeO8)2,BAT_02107.pt,success,25,928
BAT_02112,Mn3NbFe2(PO4)6,BAT_02112.pt,success,36,1404
BAT_02113,Mn3Nb2Fe3O16,BAT_02113.pt,success,24,1046
BAT_02114,Mn2FeO6,BAT_02114.pt,success,36,1560
BAT_02115,MnFeO4,BAT_02115.pt,success,18,692
BAT_02116,Mn3(FeO5)2,BAT_02116.pt,success,15,612
BAT_02117,MnFeO4,BAT_02117.pt,success,12,496
BAT_02118,Mn2Fe3Ni3O16,BAT_02118.pt,success,24,1122
BAT_02119,Mn2FeO6,BAT_02119.pt,success,9,438
BAT_02120,Mn2FeO6,BAT_02120.pt,success,18,748
BAT_02121,Mn5FeO12,BAT_02121.pt,success,18,744
BAT_02122,MnFe3O8,BAT_02122.pt,success,12,520
BAT_02123,Mn5FeO12,BAT_02123.pt,success,36,1560
BAT_02125,Mn4FeO8,BAT_02125.pt,success,13,552
BAT_02126,Mn3FeO8,BAT_02126.pt,success,12,520
BAT_02127,Mn5Fe3O16,BAT_02127.pt,success,24,1136
BAT_02128,Mn7Fe3O20,BAT_02128.pt,success,60,2600
BAT_02129,Mn3FeO8,BAT_02129.pt,success,12,520
BAT_02130,Mn13Fe3O32,BAT_02130.pt,success,48,2080
BAT_02131,MnFe(PO4)2,BAT_02131.pt,success,24,972
BAT_02132,MnFe7(PO4)8,BAT_02132.pt,success,48,1976
BAT_02133,MnFe3(PO4)4,BAT_02133.pt,success,48,1960
BAT_02134,MnFe(PO4)2,BAT_02134.pt,success,24,984
BAT_02135,MnFe(PO4)2,BAT_02135.pt,success,36,1506
BAT_02136,Mn2Fe(PO4)3,BAT_02136.pt,success,36,1464
BAT_02137,Mn3Fe2Sn(PO4)6,BAT_02137.pt,success,36,1434
BAT_02138,MnFe2(PO4)3,BAT_02138.pt,success,36,1440
BAT_02139,Mn3Fe(PO4)4,BAT_02139.pt,success,48,1950
BAT_02140,Mn7Fe(PO4)12,BAT_02140.pt,success,68,2758
BAT_02141,Mn3FeO8,BAT_02141.pt,success,48,2092
BAT_02142,MnFe(PO4)2,BAT_02142.pt,success,24,972
BAT_02143,MnFe3(PO4)4,BAT_02143.pt,success,24,986
BAT_02144,Mn3Fe(PO4)6,BAT_02144.pt,success,34,1318
BAT_02145,MnFe3(PO4)4,BAT_02145.pt,success,48,1960
BAT_02146,Mn5(FeO6)2,BAT_02146.pt,success,38,1676
BAT_02147,Mn3FeO8,BAT_02147.pt,success,24,1172
BAT_02148,Mn11Fe(PO4)12,BAT_02148.pt,success,72,2928
BAT_02149,MnFe(PO4)2,BAT_02149.pt,success,72,2932
BAT_02150,Mn3Fe(PO4)4,BAT_02150.pt,success,24,974
BAT_02151,Mn5Fe(PO4)6,BAT_02151.pt,success,36,1476
BAT_02152,Fe2(MoO4)3,BAT_02152.pt,success,68,1984
BAT_02153,Ti2Mn3Fe3O16,BAT_02153.pt,success,24,1110
BAT_02154,Mn3Fe2Sb3O16,BAT_02154.pt,success,24,1034
BAT_02155,MnV4FeO12,BAT_02155.pt,success,18,632
BAT_02156,Mn2Fe3Sn(PO4)6,BAT_02156.pt,success,36,1422
BAT_02157,Mn3Fe3(TeO8)2,BAT_02157.pt,success,24,1054
BAT_02158,Mn2Fe3P6WO24,BAT_02158.pt,success,36,1398
BAT_02159,Mn3Fe3(SbO8)2,BAT_02159.pt,success,24,1082
BAT_02161,Na2Ti3Fe(PO4)6,BAT_02161.pt,success,36,1500
BAT_02162,Na3Fe3(PO4)4,BAT_02162.pt,success,52,1940
BAT_02164,Na2Fe(Si2O5)3,BAT_02164.pt,success,96,3760
BAT_02167,Nb2Fe3O10,BAT_02167.pt,success,15,552
BAT_02168,NbFe3O8,BAT_02168.pt,success,12,460
BAT_02169,NbFeO4,BAT_02169.pt,success,24,832
BAT_02170,NbFe5O12,BAT_02170.pt,success,18,612
BAT_02171,NaFe2(SiO3)4,BAT_02171.pt,success,19,814
BAT_02172,NbFe5(PO4)6,BAT_02172.pt,success,36,1410
BAT_02173,Fe3NiO8,BAT_02173.pt,success,12,584
BAT_02174,NbFe7(PO4)12,BAT_02174.pt,success,68,2540
BAT_02175,FeNi3O8,BAT_02175.pt,success,24,1092
BAT_02176,Fe2Ni3O10,BAT_02176.pt,success,15,690
BAT_02177,Fe5NiO12,BAT_02177.pt,success,18,660
BAT_02178,Fe3(NiO5)2,BAT_02178.pt,success,15,654
BAT_02179,Fe5(NiO6)2,BAT_02179.pt,success,19,852
BAT_02180,Fe2NiO6,BAT_02180.pt,success,27,1222
BAT_02181,FeNi3O8,BAT_02181.pt,success,24,1244
BAT_02182,FeNiO4,BAT_02182.pt,success,12,536
BAT_02184,Fe3Ni7O20,BAT_02184.pt,success,30,1304
BAT_02185,FeNi9O20,BAT_02185.pt,success,30,1418
BAT_02186,Fe3Ni(PO4)4,BAT_02186.pt,success,24,984
BAT_02188,Fe5Ni(PO4)6,BAT_02188.pt,success,36,1458
BAT_02189,FeNi(PO4)2,BAT_02189.pt,success,24,1040
BAT_02190,Fe2Ni(PO4)3,BAT_02190.pt,success,36,1440
BAT_02191,FeNi3(PO4)4,BAT_02191.pt,success,24,1022
BAT_02192,TiFe2Ni3(PO4)6,BAT_02192.pt,success,36,1470
BAT_02193,Ti2Fe3Ni3O16,BAT_02193.pt,success,24,1040
BAT_02194,FeO2,BAT_02194.pt,success,15,622
BAT_02196,Fe5O8,BAT_02196.pt,success,13,540
BAT_02197,Fe3O4,BAT_02197.pt,success,7,314
BAT_02198,FeO6,BAT_02198.pt,success,7,168
BAT_02199,FeO2,BAT_02199.pt,success,3,130
BAT_02200,FeO3,BAT_02200.pt,success,48,1996
BAT_02202,FeO2,BAT_02202.pt,success,12,524
BAT_02205,FeO3,BAT_02205.pt,success,16,720
BAT_02206,FeO2,BAT_02206.pt,success,12,504
BAT_02207,FeO4,BAT_02207.pt,success,40,964
BAT_02208,FeO4,BAT_02208.pt,success,10,256
BAT_02209,Fe3O8,BAT_02209.pt,success,11,424
BAT_02210,Fe5O12,BAT_02210.pt,success,17,674
BAT_02211,Fe5O12,BAT_02211.pt,success,34,1310
BAT_02212,FeO3,BAT_02212.pt,success,8,304
BAT_02214,Fe3O8,BAT_02214.pt,success,22,816
BAT_02215,Fe5O8,BAT_02215.pt,success,13,552
BAT_02216,FeO4,BAT_02216.pt,success,20,484
BAT_02217,Fe7O12,BAT_02217.pt,success,19,834
BAT_02218,Fe5O16,BAT_02218.pt,success,21,816
BAT_02219,Fe5O12,BAT_02219.pt,success,17,588
BAT_02221,FeO2,BAT_02221.pt,success,6,284
BAT_02222,FeO2,BAT_02222.pt,success,24,1064
BAT_02224,FeO2,BAT_02224.pt,success,18,656
BAT_02225,FeO2,BAT_02225.pt,success,18,636
BAT_02227,FeO3,BAT_02227.pt,success,16,464
BAT_02228,Fe5O8,BAT_02228.pt,success,52,2328
BAT_02229,FeO2,BAT_02229.pt,success,12,528
BAT_02230,Fe3(PO4)4,BAT_02230.pt,success,46,1756
BAT_02231,Fe3(P2O7)2,BAT_02231.pt,success,42,1708
BAT_02232,FePO4,BAT_02232.pt,success,18,612
BAT_02233,FePO4,BAT_02233.pt,success,12,560
BAT_02236,Fe4P9O32,BAT_02236.pt,success,90,3264
BAT_02238,Fe(PO3)4,BAT_02238.pt,success,34,1028
BAT_02239,FePO4,BAT_02239.pt,success,72,1840
BAT_02240,FeP2O7,BAT_02240.pt,success,20,788
BAT_02241,FePO4,BAT_02241.pt,success,24,736
BAT_02242,Fe(PO3)3,BAT_02242.pt,success,52,1928
BAT_02243,FePO4,BAT_02243.pt,success,24,664
BAT_02244,FePO4,BAT_02244.pt,success,24,1000
BAT_02245,Fe2(PO4)3,BAT_02245.pt,success,68,2520
BAT_02246,FeP2O7,BAT_02246.pt,success,20,680
BAT_02248,Fe3P3O11,BAT_02248.pt,success,68,2700
BAT_02249,Fe3(PO4)4,BAT_02249.pt,success,69,2634
BAT_02250,Fe(PO4)2,BAT_02250.pt,success,44,1266
BAT_02251,FeP2O7,BAT_02251.pt,success,20,772
BAT_02252,Fe(PO3)5,BAT_02252.pt,success,42,1368
BAT_02254,Fe(PO3)4,BAT_02254.pt,success,68,2728
BAT_02255,FePO4,BAT_02255.pt,success,36,1188
BAT_02256,Fe2(PO4)3,BAT_02256.pt,success,68,2624
BAT_02257,Fe2P3O13,BAT_02257.pt,success,36,1288
BAT_02259,FeP2O7,BAT_02259.pt,success,10,418
BAT_02260,Fe2P5O16,BAT_02260.pt,success,46,1532
BAT_02261,FeP2O7,BAT_02261.pt,success,40,1288
BAT_02262,Fe2(PO4)3,BAT_02262.pt,success,34,1192
BAT_02263,Fe3P4O15,BAT_02263.pt,success,88,3264
BAT_02264,Fe5(P2O7)4,BAT_02264.pt,success,82,3056
BAT_02265,FeP4O13,BAT_02265.pt,success,36,1142
BAT_02266,FeP2O7,BAT_02266.pt,success,40,1584
BAT_02267,Fe3P8O29,BAT_02267.pt,success,80,2656
BAT_02268,Fe3P3O13,BAT_02268.pt,success,38,1480
BAT_02269,Fe2P3O10,BAT_02269.pt,success,30,1336
BAT_02270,FeP2O7,BAT_02270.pt,success,20,708
BAT_02272,FeP2O7,BAT_02272.pt,success,40,1356
BAT_02273,Fe2P2O9,BAT_02273.pt,success,52,1924
BAT_02274,Fe(PO3)3,BAT_02274.pt,success,52,2192
BAT_02275,FeP2O7,BAT_02275.pt,success,40,1412
BAT_02276,FeP2O7,BAT_02276.pt,success,40,1376
BAT_02277,Fe5(P3O11)2,BAT_02277.pt,success,66,2584
BAT_02278,FePO4,BAT_02278.pt,success,24,716
BAT_02279,FeP2O7,BAT_02279.pt,success,40,1568
BAT_02280,Fe(PO4)2,BAT_02280.pt,success,11,456
BAT_02281,Fe9(PO4)8,BAT_02281.pt,success,49,1900
BAT_02283,FePO4,BAT_02283.pt,success,24,820
BAT_02284,Fe2(PO4)3,BAT_02284.pt,success,34,1460
BAT_02285,FePO4,BAT_02285.pt,success,24,656
BAT_02286,FePO4,BAT_02286.pt,success,36,1516
BAT_02287,Fe3(PO4)4,BAT_02287.pt,success,46,1732
BAT_02288,FeP2O7,BAT_02288.pt,success,20,796
BAT_02289,FePO4,BAT_02289.pt,success,12,440
BAT_02290,FeP2O7,BAT_02290.pt,success,40,1300
BAT_02291,FeP2O7,BAT_02291.pt,success,40,1560
BAT_02292,FeP2O7,BAT_02292.pt,success,40,1592
BAT_02293,Fe4(PO4)3,BAT_02293.pt,success,38,1600
BAT_02295,FePO4,BAT_02295.pt,success,24,672
BAT_02296,Fe2(PO4)3,BAT_02296.pt,success,34,1364
BAT_02297,Fe3(PO4)4,BAT_02297.pt,success,46,1536
BAT_02298,Fe(PO4)2,BAT_02298.pt,success,44,1768
BAT_02299,Fe(PO3)4,BAT_02299.pt,success,34,1068
BAT_02300,Fe(PO4)2,BAT_02300.pt,success,22,872
BAT_02302,Fe3(P2O7)2,BAT_02302.pt,success,21,856
BAT_02303,Fe5(PO4)4,BAT_02303.pt,success,25,992
BAT_02304,Fe3(PO4)4,BAT_02304.pt,success,46,1728
BAT_02305,FeP2O9,BAT_02305.pt,success,24,836
BAT_02306,Fe(PO4)2,BAT_02306.pt,success,22,796
BAT_02308,FePO4,BAT_02308.pt,success,48,1288
BAT_02309,FeP2O7,BAT_02309.pt,success,40,1444
BAT_02310,FeP2O7,BAT_02310.pt,success,40,1388
BAT_02311,FeP2O7,BAT_02311.pt,success,80,3046
BAT_02313,FePO4,BAT_02313.pt,success,24,1080
BAT_02314,FePO5,BAT_02314.pt,success,28,888
BAT_02315,FePO4,BAT_02315.pt,success,24,528
BAT_02316,FePO4,BAT_02316.pt,success,36,1440
BAT_02317,Fe(PO4)2,BAT_02317.pt,success,22,820
BAT_02318,FePO4,BAT_02318.pt,success,48,1328
BAT_02319,Fe(PO3)3,BAT_02319.pt,success,26,976
BAT_02320,Fe7(PO4)8,BAT_02320.pt,success,47,1864
BAT_02321,Fe5Sb(PO4)6,BAT_02321.pt,success,36,1434
BAT_02322,Fe3Sb(PO4)4,BAT_02322.pt,success,24,938
BAT_02324,Fe7Te(PO4)12,BAT_02324.pt,success,68,2564
BAT_02325,FeSn(PO4)2,BAT_02325.pt,success,24,924
BAT_02326,Fe3Sb(PO4)6,BAT_02326.pt,success,34,1216
BAT_02327,TiFe3(PO4)6,BAT_02327.pt,success,34,1204
BAT_02328,VFe3(PO4)6,BAT_02328.pt,success,34,1252
BAT_02329,Ti3Fe(PO4)6,BAT_02329.pt,success,34,1234
BAT_02330,VFe3(PO4)4,BAT_02330.pt,success,24,966
BAT_02331,V3Fe(PO4)6,BAT_02331.pt,success,34,1330
BAT_02332,VFe7(PO4)12,BAT_02332.pt,success,68,2566
BAT_02333,VFe(PO4)2,BAT_02333.pt,success,24,960
BAT_02334,VFe(P2O7)2,BAT_02334.pt,success,40,1592
BAT_02335,Fe7P12WO48,BAT_02335.pt,success,68,2548
BAT_02336,ZnFe(PO4)2,BAT_02336.pt,success,24,976
BAT_02337,Fe5P6WO24,BAT_02337.pt,success,36,1434
BAT_02338,Zr7Fe(PO4)12,BAT_02338.pt,success,68,2414
BAT_02340,Fe(SO4)2,BAT_02340.pt,success,88,3524
BAT_02341,Fe2(SO4)3,BAT_02341.pt,success,34,1384
BAT_02342,Fe2(SO4)3,BAT_02342.pt,success,68,2812
BAT_02343,Fe(SO4)2,BAT_02343.pt,success,33,1304
BAT_02344,Fe(SO4)2,BAT_02344.pt,success,33,1238
BAT_02345,Fe(SbO3)4,BAT_02345.pt,success,17,674
BAT_02346,Fe3SbO8,BAT_02346.pt,success,12,464
BAT_02347,Fe5SbO12,BAT_02347.pt,success,18,632
BAT_02348,Ti3Fe3(SbO8)2,BAT_02348.pt,success,24,1040
BAT_02350,Fe(SeO3)2,BAT_02350.pt,success,36,1056
BAT_02353,Fe(SiO3)2,BAT_02353.pt,success,18,556
BAT_02354,FeSiO4,BAT_02354.pt,success,12,360
BAT_02355,Fe(SiO3)2,BAT_02355.pt,success,36,1556
BAT_02356,FeSiO4,BAT_02356.pt,success,12,384
BAT_02357,FeSiO4,BAT_02357.pt,success,24,736
BAT_02358,FeSiO4,BAT_02358.pt,success,12,376
BAT_02359,Fe(SiO3)2,BAT_02359.pt,success,18,732
BAT_02425,Na2V3P2O13,BAT_02425.pt,success,80,3000
BAT_02426,Na2VPO6,BAT_02426.pt,success,40,1448
BAT_02429,NbNi3O8,BAT_02429.pt,success,24,976
BAT_02430,Nb6NiO18,BAT_02430.pt,success,50,1882
BAT_02431,NbNi3(PO4)6,BAT_02431.pt,success,34,1212
BAT_02445,NbV3(PO4)6,BAT_02445.pt,success,34,1246
BAT_02458,Ti3Nb2V3O16,BAT_02458.pt,success,24,996
BAT_02459,Nb4VO12,BAT_02459.pt,success,34,1284
BAT_02460,NbV3O8,BAT_02460.pt,success,12,506
BAT_02461,Nb7V12O48,BAT_02461.pt,success,67,2340
BAT_02464,NbV3O8,BAT_02464.pt,success,24,1012
BAT_02471,NiO2,BAT_02471.pt,success,15,724
BAT_02473,Ni6O7,BAT_02473.pt,success,26,1426
BAT_02474,Ni11O28,BAT_02474.pt,success,39,1790
BAT_02475,NiO2,BAT_02475.pt,success,12,592
BAT_02476,Ni13O24,BAT_02476.pt,success,37,1912
BAT_02477,NiO2,BAT_02477.pt,success,12,664
BAT_02478,NiO2,BAT_02478.pt,success,33,1620
BAT_02479,NiO2,BAT_02479.pt,success,15,742
BAT_02480,NiO4,BAT_02480.pt,success,20,520
BAT_02481,Ni5O9,BAT_02481.pt,success,28,1400
BAT_02482,NiO2,BAT_02482.pt,success,36,1776
BAT_02483,NiO4,BAT_02483.pt,success,40,952
BAT_02484,NiO2,BAT_02484.pt,success,18,796
BAT_02485,Ni15O28,BAT_02485.pt,success,43,2222
BAT_02486,NiO2,BAT_02486.pt,success,24,1268
BAT_02488,NiO2,BAT_02488.pt,success,3,106
BAT_02490,NiO2,BAT_02490.pt,success,18,888
BAT_02491,NiO2,BAT_02491.pt,success,15,654
BAT_02492,NiO2,BAT_02492.pt,success,3,148
BAT_02493,Ni3O4,BAT_02493.pt,success,14,748
BAT_02494,Ni2P2O9,BAT_02494.pt,success,52,1920
BAT_02495,NiPO4,BAT_02495.pt,success,12,616
BAT_02496,Ni3(PO4)4,BAT_02496.pt,success,69,2608
BAT_02497,NiPO4,BAT_02497.pt,success,24,1064
BAT_02498,Ni2(PO4)3,BAT_02498.pt,success,34,1320
BAT_02499,Ni7(PO4)6,BAT_02499.pt,success,37,1734
BAT_02500,Ni4(PO4)3,BAT_02500.pt,success,38,1752
BAT_02501,Ni2(PO4)3,BAT_02501.pt,success,34,1296
BAT_02504,NiP2O7,BAT_02504.pt,success,40,1504
BAT_02505,Ni7(PO4)6,BAT_02505.pt,success,37,1450
BAT_02508,Ni4P4O15,BAT_02508.pt,success,92,3440
BAT_02509,Ni3P3O13,BAT_02509.pt,success,38,1484
BAT_02511,Ni3(P2O7)2,BAT_02511.pt,success,42,1776
BAT_02512,Ni2(PO4)3,BAT_02512.pt,success,68,2576
BAT_02513,Ni(PO4)2,BAT_02513.pt,success,44,1796
BAT_02515,NiPO4,BAT_02515.pt,success,36,1248
BAT_02516,Ni(PO3)3,BAT_02516.pt,success,13,384
BAT_02517,Ni(PO3)3,BAT_02517.pt,success,26,990
BAT_02518,Ni2(PO3)5,BAT_02518.pt,success,44,1688
BAT_02519,NiP2O7,BAT_02519.pt,success,40,1584
BAT_02520,Ni3P4O15,BAT_02520.pt,success,88,3152
BAT_02521,Ni3P3O11,BAT_02521.pt,success,68,2900
BAT_02522,Ni2(PO4)3,BAT_02522.pt,success,34,1448
BAT_02523,Ni(PO3)4,BAT_02523.pt,success,34,996
BAT_02524,Ni5(P3O11)2,BAT_02524.pt,success,66,2700
BAT_02527,Ni3(PO4)4,BAT_02527.pt,success,46,1784
BAT_02528,Ni2P3O10,BAT_02528.pt,success,30,1376
BAT_02529,Ni(PO4)2,BAT_02529.pt,success,11,448
BAT_02533,Ni2(PO4)3,BAT_02533.pt,success,68,2442
BAT_02534,Ni3(P2O7)2,BAT_02534.pt,success,42,1748
BAT_02535,Ni(PO4)2,BAT_02535.pt,success,44,1296
BAT_02536,NiP2O7,BAT_02536.pt,success,40,1552
BAT_02537,Ni5(PO4)4,BAT_02537.pt,success,50,2166
BAT_02538,Ni9(P2O7)8,BAT_02538.pt,success,81,3050
BAT_02539,NiPO4,BAT_02539.pt,success,36,1540
BAT_02541,Ni5(P2O7)4,BAT_02541.pt,success,82,3138
BAT_02542,NiP2O7,BAT_02542.pt,success,40,1392
BAT_02543,NiP2O7,BAT_02543.pt,success,40,1404
BAT_02546,NiP2O7,BAT_02546.pt,success,20,768
BAT_02547,NiP2O7,BAT_02547.pt,success,40,1568
BAT_02548,NiP2O7,BAT_02548.pt,success,10,414
BAT_02549,Ni(PO3)3,BAT_02549.pt,success,52,1600
BAT_02552,NiPO4,BAT_02552.pt,success,24,824
BAT_02553,Ni2P5O16,BAT_02553.pt,success,46,1620
BAT_02554,NiPO4,BAT_02554.pt,success,24,740
BAT_02557,Ni3(P2O7)2,BAT_02557.pt,success,42,1740
BAT_02558,NiP2O7,BAT_02558.pt,success,40,1452
BAT_02559,NiPO4,BAT_02559.pt,success,48,1672
BAT_02560,Ni4(PO4)3,BAT_02560.pt,success,76,3060
BAT_02561,Ni3Sb(PO4)4,BAT_02561.pt,success,24,1000
BAT_02562,NiSn(PO4)2,BAT_02562.pt,success,48,1896
BAT_02563,Ni3Sn(PO4)4,BAT_02563.pt,success,24,988
BAT_02564,Ni5Te(PO4)6,BAT_02564.pt,success,36,1470
BAT_02565,TiNi5(PO4)6,BAT_02565.pt,success,36,1464
BAT_02567,Ti4Ni(PO5)4,BAT_02567.pt,success,58,2416
BAT_02568,VNi3(PO4)4,BAT_02568.pt,success,24,1064
BAT_02569,V3Ni(PO4)6,BAT_02569.pt,success,34,1336
BAT_02570,VNi3(PO4)6,BAT_02570.pt,success,34,1262
BAT_02571,V3Ni(PO4)4,BAT_02571.pt,success,24,994
BAT_02572,VNi(PO4)2,BAT_02572.pt,success,24,1046
BAT_02574,Ni(SO4)2,BAT_02574.pt,success,88,4000
BAT_02575,Ni(SO4)2,BAT_02575.pt,success,33,1208
BAT_02576,Ni2(SO4)3,BAT_02576.pt,success,34,1396
BAT_02577,Ni2(SO4)3,BAT_02577.pt,success,136,5560
BAT_02578,Ni2(SO4)3,BAT_02578.pt,success,68,2812
BAT_02579,Ni3SbO8,BAT_02579.pt,success,12,496
BAT_02580,SiNiO4,BAT_02580.pt,success,24,780
BAT_02581,Ni(SO4)2,BAT_02581.pt,success,33,1280
BAT_02582,SiNiO4,BAT_02582.pt,success,12,418
BAT_02583,SiNiO4,BAT_02583.pt,success,24,784
BAT_02584,NiSnO4,BAT_02584.pt,success,6,212
BAT_02585,NiSnO4,BAT_02585.pt,success,12,424
BAT_02586,Ni3TeO8,BAT_02586.pt,success,12,488
BAT_02587,TiNi3O8,BAT_02587.pt,success,24,1056
BAT_02588,Ti3Ni3(TeO8)2,BAT_02588.pt,success,24,1082
BAT_02589,TiNiO4,BAT_02589.pt,success,12,512
BAT_02590,TiNi3O8,BAT_02590.pt,success,24,1040
BAT_02592,TiNi7O16,BAT_02592.pt,success,24,1126
BAT_02593,V2NiO6,BAT_02593.pt,success,18,672
BAT_02595,VNiO4,BAT_02595.pt,success,12,496
BAT_02596,V3NiO8,BAT_02596.pt,success,12,548
BAT_02597,Ni(WO4)2,BAT_02597.pt,success,11,414
BAT_02599,Ni(PS3)2,BAT_02599.pt,success,9,182
BAT_02601,RbV(PO4)2,BAT_02601.pt,success,48,1748
BAT_02659,VSn(PO4)2,BAT_02659.pt,success,48,1752
BAT_02660,SrVPO6,BAT_02660.pt,success,36,1416
BAT_02661,V2Sn(PO4)3,BAT_02661.pt,success,36,1344
BAT_02662,Ti(PO3)5,BAT_02662.pt,success,42,1400
BAT_02663,Ti(PO3)4,BAT_02663.pt,success,34,1364
BAT_02664,Ti2P2O9,BAT_02664.pt,success,52,1984
BAT_02665,Ti(PO3)4,BAT_02665.pt,success,34,1312
BAT_02666,Ti3P3O13,BAT_02666.pt,success,38,1472
BAT_02668,Ti(PO3)4,BAT_02668.pt,success,68,2240
BAT_02669,Ti(PO3)4,BAT_02669.pt,success,34,1364
BAT_02673,Ti2(PO4)3,BAT_02673.pt,success,34,1252
BAT_02677,Ti3V(PO4)6,BAT_02677.pt,success,34,1276
BAT_02679,V(PO3)5,BAT_02679.pt,success,42,1416
BAT_02680,VPO5,BAT_02680.pt,success,28,1180
BAT_02681,V2(PO4)3,BAT_02681.pt,success,34,1374
BAT_02682,VPO5,BAT_02682.pt,success,28,1120
BAT_02683,V3(P2O7)2,BAT_02683.pt,success,42,1708
BAT_02684,V2(PO4)3,BAT_02684.pt,success,68,2760
BAT_02685,V(PO3)4,BAT_02685.pt,success,34,1168
BAT_02686,VP2O7,BAT_02686.pt,success,40,1716
BAT_02687,V3P8O29,BAT_02687.pt,success,80,2684
BAT_02688,VP2O7,BAT_02688.pt,success,20,900
BAT_02689,V(PO3)4,BAT_02689.pt,success,68,2832
BAT_02690,VP2O7,BAT_02690.pt,success,40,1652
BAT_02692,VPO5,BAT_02692.pt,success,14,620
BAT_02693,V2P5O16,BAT_02693.pt,success,46,1492
BAT_02694,V2P3O10,BAT_02694.pt,success,30,1320
BAT_02695,VP2O7,BAT_02695.pt,success,20,780
BAT_02696,V2(PO4)3,BAT_02696.pt,success,34,1408
BAT_02697,VPO5,BAT_02697.pt,success,28,1092
BAT_02698,VP4O13,BAT_02698.pt,success,36,1180
BAT_02699,V(PO3)4,BAT_02699.pt,success,34,1016
BAT_02700,V3(PO4)4,BAT_02700.pt,success,69,2694
BAT_02701,VPO5,BAT_02701.pt,success,14,568
BAT_02702,V2P5O18,BAT_02702.pt,success,50,2052
BAT_02703,V(PO3)5,BAT_02703.pt,success,42,1416
BAT_02704,V(PO4)2,BAT_02704.pt,success,44,1572
BAT_02706,V(PO4)2,BAT_02706.pt,success,22,812
BAT_02707,V(PO4)2,BAT_02707.pt,success,33,1214
BAT_02708,V(PO3)4,BAT_02708.pt,success,34,1148
BAT_02710,V(PO4)2,BAT_02710.pt,success,11,464
BAT_02711,VP2O7,BAT_02711.pt,success,20,726
BAT_02712,V(PO3)3,BAT_02712.pt,success,52,2192
BAT_02713,V2P2O9,BAT_02713.pt,success,52,2016
BAT_02714,V3(PO4)4,BAT_02714.pt,success,46,1788
BAT_02715,VP2O7,BAT_02715.pt,success,40,1636
BAT_02716,V(PO4)2,BAT_02716.pt,success,22,928
BAT_02717,VP2O7,BAT_02717.pt,success,40,1504
BAT_02718,V(PO4)2,BAT_02718.pt,success,44,1796
BAT_02719,VPO4,BAT_02719.pt,success,24,1104
BAT_02720,VP2O7,BAT_02720.pt,success,20,804
BAT_02721,VP2O7,BAT_02721.pt,success,40,1644
BAT_02722,V(PO3)4,BAT_02722.pt,success,34,1288
BAT_02723,VPO4,BAT_02723.pt,success,24,960
BAT_02724,V4P9O32,BAT_02724.pt,success,90,3424
BAT_02725,V(PO3)4,BAT_02725.pt,success,34,1388
BAT_02726,V3P3O13,BAT_02726.pt,success,38,1512
BAT_02727,V2P3O11,BAT_02727.pt,success,32,1190
BAT_02728,V3(PO4)4,BAT_02728.pt,success,46,1604
BAT_02729,V(PO4)2,BAT_02729.pt,success,22,924
BAT_02730,V(PO3)3,BAT_02730.pt,success,52,1950
BAT_02731,V(PO3)4,BAT_02731.pt,success,34,1320
BAT_02732,V(PO3)4,BAT_02732.pt,success,68,2304
BAT_02733,VP2O7,BAT_02733.pt,success,40,1524
BAT_02734,VPO4,BAT_02734.pt,success,24,1040
BAT_02735,VP2O7,BAT_02735.pt,success,40,1462
BAT_02736,VPO5,BAT_02736.pt,success,28,1080
BAT_02737,V3(P2O7)2,BAT_02737.pt,success,42,1758
BAT_02739,V(PO3)4,BAT_02739.pt,success,34,1356
BAT_02743,V9(P2O7)8,BAT_02743.pt,success,81,2940
BAT_02745,VPO4,BAT_02745.pt,success,36,1440
BAT_02746,V5(P3O11)2,BAT_02746.pt,success,66,2516
BAT_02748,VPO5,BAT_02748.pt,success,56,1956
BAT_02749,V(PO3)3,BAT_02749.pt,success,52,2072
BAT_02752,VPO5,BAT_02752.pt,success,56,1760
BAT_02753,V3P6WO24,BAT_02753.pt,success,34,1252
